,H3K36me3,POLR2A,H3K9me3,H3K9ac,H3K4me3,H3K4me1,H3K27me3
0,1.42275828355,1.34807617404,0.909746323136,1.84147139154,1.94183637485,1.39936051416,3.93467203564
1,0.417398509074,0.675755767651,0.512347972559,1.31308399616,0.504452471535,1.95311490112,0.465768683465
2,0.560004851127,0.862881916229,1.36905819777,1.37125869948,1.08135013618,1.57843669287,3.88727066623
3,2.8696270336,2.21201901066,0.323241691436,3.22832673693,1.99828726059,3.5071615908,0.865413572814
4,2.25083758624,9.8976799473,0.488843243763,4.0812239828,4.90173367845,3.15215161857,0.672090994411
5,1.01925707291,0.634784032635,1.38630030451,1.71854092188,0.825507374273,1.35977769195,5.0395635774
6,3.73937445032,1.84175779497,0.296661796257,2.06618638109,2.41259693604,2.11075627581,0.744206916926
7,0.0835984720645,0.00496909720569,3.49776494859,0.121150486953,0.0738405750985,0.0314864872032,0.0627461102538
8,0.518122574694,0.936156151082,1.83548032809,1.78566946919,0.600055781044,1.47000732315,4.97936154633
9,1.94509440016,2.2849867574,0.658029857186,2.83362487795,3.07536151617,1.67575002123,2.7842876807
10,0.0102770433478,0.0,2.06803840492,0.0480625922287,0.101046622387,0.0273619154078,0.101161814824
11,0.00935527373028,0.0,3.09425278941,0.0504819614418,0.0173505046689,0.000339274648035,0.000993866074955
12,3.19662365894,3.5576197038,0.439991069915,3.58324488627,2.96347854656,2.72373431163,1.60572920194
13,0.0104196895494,0.0151382792321,2.49940368057,0.0330171508374,0.0187966508719,0.0040717883712,0.00845625077479
14,2.44091840476,2.49396449799,1.1987108394,2.62582558767,3.62163073274,1.60914549418,2.52445400104
15,1.545504978,1.00716708911,1.23773991813,1.48144936741,1.39131288863,1.97259895948,2.65060956825
16,0.0321381168146,0.431440958114,2.10681859422,0.50713292909,0.15893309259,0.304841780998,1.41687797908
17,0.0261947664448,0.0,1.57460539605,0.0129253971654,0.0242660083092,0.0,0.0
18,2.85878821523,2.75862877098,0.749118402148,2.35351597155,2.83520212859,1.56615261079,2.61912255751
19,2.82169992697,3.06050272161,0.635212088575,3.24364404275,3.17609500032,2.12411333486,2.12008332167
20,2.89805743531,2.65548373318,0.520946655182,1.62054652614,2.32740657558,1.08905056177,1.4731220479
21,4.10556187653,1.15098074181,0.457108454783,2.28396407798,2.94977103042,1.69702839122,0.936967763058
22,0.0512751546952,0.0,1.18247981134,0.0546644873963,0.110678931028,0.00332723137591,0.0
23,0.613609652418,6.39876450502,0.331410974451,1.82588137403,2.48004162021,2.03626560205,0.803481339666
24,0.953550032714,0.314268195173,0.376317779555,0.595516132066,0.523370872597,1.38252547214,0.304737674056
25,3.40811770999,4.7876165323,0.528612807569,3.61964462238,5.10193063407,2.22846781395,1.67226721355
26,0.0418388630715,0.0828303770223,1.00167004275,0.359189054082,0.325316817078,0.177524094687,1.23812515786
27,1.8738429845,2.49056955274,0.382181093624,1.84015233818,2.70933378778,1.24912970001,0.907606000525
28,0.00830545115783,0.0,2.62226533437,0.0328259199016,0.0190223846698,0.015054075099,0.0232931050484
29,2.04066035568,0.88834400556,0.361931803817,0.808626103483,1.18903440715,1.40846243403,0.383186419524
30,1.91645533916,0.234463405926,1.58735612938,1.65863667733,1.23437109061,1.41542107405,2.62460653132
31,1.49883041674,0.463975850038,0.511422892572,1.3182791536,0.551375575061,1.6960905893,0.299534983093
32,2.68018274056,1.36752638117,0.301145132035,1.35436288544,1.09016431604,1.69207264154,0.400459270176
33,0.0359454169019,0.0,3.51775895296,0.0942694339438,0.0644253258773,0.0165180137077,0.0520645422263
34,4.08433824574,12.5169745072,0.241389494445,6.15662517781,3.52202895665,5.36238322119,0.391379043018
35,3.98597335129,1.00150884703,0.650898537356,2.33884730287,1.26384945397,1.96541881601,1.49520796068
36,1.48170603266,0.788889519881,2.04836176976,1.44268235372,1.53566927746,0.88110400037,1.60914177999
37,1.63488911539,1.44709541033,1.55407617491,2.32410572169,2.60063071493,2.14241411021,3.0040633486
38,1.790654423,1.55743113077,0.548598881353,1.35378621387,1.19354183363,1.21438797605,0.836381015396
39,0.0435680600721,0.0,3.41134181202,0.0906209537877,0.0729585634049,0.0154840269713,0.0854016408391
40,0.00536552463943,0.0,1.85433993901,0.0790437749728,0.0805779665228,0.0372874537317,0.00808844466032
41,2.85791689072,6.07978110812,0.253301819601,4.03157057246,6.61078926112,2.57423820258,1.28732534846
42,2.94417801762,3.59156915624,0.209887519638,3.12445957099,3.6128566875,2.58226848253,0.961228929885
43,3.78832454434,1.66465481806,0.234284227631,2.14210022142,2.48461696681,1.67979417503,0.236512622627
44,3.24717194555,6.76159927799,0.623311443722,4.55374336113,3.80079476075,3.6714781524,1.10316217313
45,2.43520251595,0.641786107202,0.331512414911,1.18591513254,1.12429417887,1.84628490218,0.45742842368
46,0.135568922556,0.0,0.751108409003,0.737529790664,0.320706481318,1.35735129326,1.38571183915
47,0.0125780279528,0.0,3.12280093441,0.0590044380599,0.006552748427,0.0112557289267,0.0195835371876
48,0.591528454863,3.3546302694,0.136212920454,1.15630603041,2.66944615071,0.566963034245,0.296722154579
49,0.0600801182061,0.0,3.05369323466,0.37110472364,0.122719316831,0.129668430654,0.800635173925
50,1.28850420934,0.816807659343,0.411608329887,1.2874320541,1.59888384738,2.29014197996,0.289615967495
51,0.00418235766765,0.0,0.939446759705,0.0817083953115,0.0738168268031,0.00520845080363,0.336626815098
52,2.15790119638,4.19502067339,0.552640978842,3.74302798319,2.85549789686,2.93344722504,2.27494069338
53,3.50573946051,2.21964753346,0.561728333662,4.05691571389,2.97847389884,3.11005682692,1.47027171501
54,0.0566131638237,0.431440958114,0.131140897412,0.0980142809663,0.591646034652,0.0256070465386,0.0729835238439
55,1.85803990937,2.0822330831,0.770082764055,1.62696945427,2.31462524296,0.942055725812,2.77709934116
56,0.0424014024069,0.0,1.27327733859,0.200920327629,0.638943139906,0.220711027585,0.371910102547
57,2.0565037869,1.35684644926,0.989526751152,1.96162190654,2.48861807963,1.2674533388,2.25596847759
58,0.428141350715,0.338645788107,1.69595812047,1.00680492123,0.989645618264,0.648532147073,2.63835313681
59,1.05854922258,1.22048281528,1.24222491686,1.33101961816,1.06608354444,0.726365495052,4.15502527099
60,2.86190205389,0.508534506368,0.637411944939,2.39076100061,1.43206496365,1.86642237342,1.33486840107
61,0.233044585566,0.66625800417,0.871354553407,1.20056770365,0.410775623755,1.97138960414,1.90160423377
62,0.538850009109,0.823274221713,1.42103534756,0.72869412173,0.552514780795,0.319484406842,1.88561397339
63,0.2648367931,0.0,3.15171354445,0.686060196311,0.218394074782,0.297709993913,0.159693650836
64,3.35790811946,3.50280548371,0.412949980947,2.34161466354,3.87868679506,1.41411545161,1.73988236987
65,0.235381438605,0.28468030433,1.19291071775,1.54706067195,1.02584087035,1.48027400798,2.81397864835
66,0.00725033714097,0.0,1.20956108847,0.0125873483164,0.0216726944441,0.00213392054489,0.00427549934131
67,0.030363366357,0.0,0.501747800749,0.0824839191414,0.151894097813,0.0270249805849,0.133628106606
68,2.06565131852,13.5988775437,0.418882584948,4.77011782388,3.08335756725,3.80117232114,0.939353458353
69,0.0028409765078,0.0,0.945113290366,0.137615709358,0.190330714028,0.137799323081,0.275138383782
70,2.6108780473,3.57371032969,0.526002048641,2.65214235913,3.22906939005,1.83431529259,1.86461777122
71,0.00473266788708,0.0,2.12042713691,0.0440612427815,0.0704105296231,0.00146941019977,0.000730640888087
72,2.53515077519,5.00424359395,0.543981400266,4.08120409758,5.00176149896,2.78692830952,1.75076280727
73,4.802272958,1.5550735299,0.118829462246,2.51590535881,2.08502434754,2.70131878661,0.329305126655
74,0.165545695984,0.430804405881,0.547753544179,0.883884394188,0.531740484369,1.47542916601,0.558010170758
75,0.025066630495,0.0,0.576106984464,0.274376353981,0.0,0.238942945223,1.00567995471
76,3.55727863308,3.87070909854,0.340584961483,3.03707062933,4.25321997547,1.85225239226,1.61197993197
77,2.47160828852,2.42314216803,1.13261600448,1.74043455616,2.09743520675,1.16710010959,2.60371659156
78,1.45890907905,0.202282154132,1.10404915121,1.18743966656,0.986694180103,0.430836686152,2.96615475453
79,1.69212137821,0.954121069666,0.56201341224,2.06132245471,2.77808747799,1.85920635263,1.64875506032
80,0.179070945402,0.0,2.73613193187,0.443228439822,0.210799369892,0.824657338291,0.422149303385
81,4.03675475543,3.95605424981,0.250330667305,2.65606969135,2.44617417604,2.53888812408,0.764322599597
82,3.98553921768,1.55601657025,0.679010848677,3.42433541363,1.441882509,3.41647698712,1.18558846647
83,1.79676286643,2.16922855498,1.32269214669,1.78042374646,2.98323712839,1.16573833135,1.45909540971
84,0.0,0.0,1.0675361285,0.00517015886615,0.0,0.0,0.0257155033482
85,0.996487987585,2.6091568762,0.690834482719,2.49573511082,2.60257570033,2.17433868468,2.07778016674
86,3.52035098299,2.01178796928,0.272043360482,2.08024125911,2.07624412774,1.93950915209,0.888833808095
87,0.0335138923632,0.0,1.94759310146,0.317421240746,0.0847457923774,0.288425567683,0.00969696585501
88,0.787149980115,6.72340614399,1.40678795169,2.36683907324,0.767157812308,2.435294705,3.99849198925
89,4.0101766062,2.96746505552,0.573797135282,2.30165927812,2.81782075114,1.57131239323,0.34376014821
90,1.84743464528,1.55702697062,2.42549130752,1.32266867529,1.28636306425,0.948559771232,2.98887050277
91,2.38434284547,3.36099579174,0.304670603789,2.30276887375,1.92822147706,2.4751372478,0.70410723363
92,1.71967816245,0.669087125207,0.355607018799,1.74059363797,1.37871679271,0.847054144712,1.21721716043
93,0.286065009814,0.431440958114,1.36654435902,1.35285160823,1.19829624238,0.718808327754,2.60235393241
94,1.99695884538,3.17144468227,0.871423447396,2.25939919496,3.07164134568,1.74736504986,2.79058216584
95,3.6243797925,0.915692175583,0.233379578275,1.73389894508,1.49479846096,2.94050507365,0.121497523192
96,0.0878570265317,0.0,0.579560949008,0.346448368575,0.108548708925,0.789561832768,0.561865621041
97,3.09347259423,2.63886264709,0.409453610965,2.66865703967,1.67444719168,3.0340419242,1.08537676261
98,0.849133254496,0.87914936219,1.10389948495,1.38165204448,0.913309572277,0.711110302982,3.36476797577
99,2.13485512158,1.48151638295,1.17811177401,2.01044941714,2.57318480986,1.49015040998,2.67152867809
100,3.29697043449,1.65149940524,0.479987990419,2.27766377541,1.10665038276,3.47730074212,0.97878931412
101,1.88040084795,0.516786109392,0.759168213924,0.963253624033,1.03596714354,0.835008724794,0.956019988193
102,1.61280333192,1.7493398411,2.20181231976,1.38478065344,1.72381277347,1.08486461456,0.76013877763
103,0.739797751127,0.188338629022,1.49711866276,1.14476407686,0.748726760196,0.724963404965,4.77431116965
104,0.19669738173,0.0953413789407,2.47709290588,0.474008118939,0.51347614529,0.266021273822,0.568841435756
105,3.22216722496,2.51461708156,0.425329320247,2.10833775834,2.12898719211,2.76653439344,0.407989316287
106,0.921742102031,0.4264899963,3.20521299405,0.290667325716,0.81601399316,0.121570295779,0.0867538821025
107,1.56156027865,2.52021638361,0.531213344447,2.27527754825,1.57279855001,2.91609367777,0.121882984878
108,0.0906727804878,0.0,1.87374943484,0.0986837502554,0.249946060141,0.0116523292911,0.0171686718189
109,2.14642310098,2.4263249292,0.455459354395,2.61206368531,2.04649511297,2.22265373438,2.5502540976
110,0.268262474216,0.140748771582,0.3620509825,0.417947688649,0.64212303667,0.225451513357,0.16238146475
111,4.34263551906,2.57110519826,0.355510567214,3.26120894732,3.42565647378,2.14671283699,0.991145757245
112,0.174090637916,0.0,0.0921611531138,0.293963301993,0.616004661314,0.266922574473,0.440401435076
113,0.0862565409769,0.143813652705,2.21665699485,0.33677619445,0.383717833683,0.230833111223,0.83644768985
114,0.584209328945,0.0,3.37700283023,0.44235348986,0.0439010990021,0.136580274173,0.0545980432455
115,0.745784995288,0.461382489087,1.89048988247,1.0636740174,0.663363512136,0.572976384903,2.60110378641
116,0.206214996975,0.0,1.90582513028,0.962842662688,0.192460936131,1.11241839563,2.43508439678
117,3.27150482909,6.17844670427,0.445573066859,4.43807431331,2.4487829263,3.9589841688,0.990678202639
118,3.64716722151,4.09868910209,0.203512845869,3.84832821111,5.28119106793,3.03649874062,0.386582649507
119,2.23446585721,14.9674648453,0.372685601305,3.35966865735,3.7742904756,2.63612189838,1.76888159006
120,2.82989692871,8.1327799405,0.647167967403,3.92220182722,7.37464368553,2.6275674976,1.97576408548
121,3.39205716153,2.22828645662,0.697881268831,1.59938864524,1.48379231342,1.16865141367,2.9730722291
122,4.26567463488,2.73198788122,0.230053661526,2.94038865854,1.6264400124,2.60599430964,0.531170369435
123,0.41496142096,0.0,2.82955693335,0.159678368058,0.122950862711,0.12231436018,0.0501621085001
124,2.65638870245,5.6327799843,0.51614070548,1.96420300893,3.18449680799,1.80834323333,1.32531728559
125,0.583535198926,0.463268569778,0.398763560214,1.12336946707,0.722670130408,1.7158780227,1.1050498936
126,2.2240237208,3.34967930759,0.453929432691,1.31618325074,1.88200491924,1.05054873878,1.902247166
127,1.30616130581,0.431440958114,0.0400274080738,1.32831323884,1.30091737676,1.56646614736,0.0207149193233
128,3.51871105854,2.84291300187,0.373758209457,2.39356481753,2.56020280415,1.63637310363,1.14534626653
129,2.00289187744,1.31748630283,0.954939295661,2.39801413694,2.54191067956,1.87174664557,3.58209960823
130,1.76834622248,1.75087228166,0.610085381451,2.69253919658,0.894832210988,3.14699581383,0.589015666931
131,0.00953537525664,0.0,2.05237031347,0.044311515429,0.0260846959548,0.0188657975446,0.00405274605293
132,3.78364415592,1.27310446657,0.205200748619,2.89318113104,2.01278203273,2.4846696955,0.658226875202
133,0.0290426218303,0.0,0.945167336513,0.145500201629,0.413263088074,0.439896489167,0.0268281332937
134,0.914223488658,0.215720479057,0.456290833582,1.39392454338,0.803510515596,2.01174657421,1.31119688645
135,2.65386415432,8.1535268281,0.921432763113,3.38928770209,5.96156548411,2.10513367596,1.55728812777
136,2.07417424805,0.172576383246,0.381791961364,1.0419779097,0.564379191728,2.4664078281,0.23393232127
137,0.0332800105199,0.0,1.06525787553,0.179066463806,0.0395480364428,0.336457498544,0.649275829797
138,3.00868354717,2.92531115207,0.171359545699,2.3087543269,3.4436429578,1.70508674907,0.707795164349
139,0.0696784456166,0.0,0.551697527124,0.325534413121,0.148312854857,0.872895173766,0.2687313855
140,4.14910517265,2.12278381796,0.36188745826,2.01017765238,1.68901914578,2.32301585492,0.640699828194
141,3.68689372317,3.72453784497,0.599064124824,3.45889309638,4.44753327865,2.20105480834,1.63230849665
142,3.38054879907,4.91100047978,0.357307393737,3.60831352836,5.9893509898,2.14846489807,1.22788715659
143,0.563867504763,0.309384593383,2.87380825569,0.965990209953,1.27982685481,0.546103158693,1.10504691706
144,2.49466628671,1.96482456007,0.666136779261,2.38099072604,2.12596165927,2.12717248913,2.26348935596
145,2.3223366415,3.07808368805,0.448558077141,2.73499415496,1.26887142685,2.27060377137,0.316786997979
146,2.9948294874,13.3011125546,0.355607018799,6.09148117609,2.19496233175,4.57050683337,0.00801343589995
147,0.00555813321623,0.0,1.05657723281,0.0656610176001,0.116421268873,0.0392669458161,0.0159518630395
148,1.27894846546,0.881978483227,0.648769950637,1.15936835528,1.39122027027,1.18685291358,2.13214901655
149,1.48581007695,0.681110889613,1.02939617818,2.20799588469,1.04899545843,2.356578307,1.50161287539
150,0.0865156453719,0.431440958114,1.21148596279,0.792177707039,0.505742512871,0.791607307922,3.06613934854
151,2.04426488762,0.968408130902,0.741270347259,1.8671670811,1.68913646236,1.69461369166,2.38725881117
152,1.93844023243,0.540362118032,1.27488209342,2.06471288581,1.81092033384,1.60265154344,3.27432616295
153,3.2955465068,1.59633154502,0.195913126098,1.62255493401,1.71056834909,2.16177382358,0.387557763392
154,2.48404529948,1.67964915956,0.400759664583,2.49359148341,2.36084180077,3.32994931681,0.411663078684
155,4.04156079801,0.703743857908,0.497989514823,1.492127734,0.925072103023,1.15518104023,1.60297471357
156,0.874674855121,0.265937377461,1.85741284852,1.23427032167,0.680850739135,0.911340506691,4.67947152177
157,3.55728780492,4.57280263584,0.152210580016,3.45143897723,4.48130810446,2.73390787142,0.639024632546
158,0.00742001612529,0.0,0.698570010758,0.420307402182,0.0346392637696,0.0718981474816,1.20441566532
159,0.19352117458,0.28762730541,0.921930264827,0.910372178605,0.484795328853,0.442868067119,3.67983393942
160,3.15835875502,5.4663333633,0.409941412088,3.60667631139,4.62906524921,2.03572276262,1.84613227894
161,3.00946315331,18.6955390915,0.373336926669,4.69581004699,6.52073334988,3.37041518904,0.79968506296
162,0.0558840027829,0.0,1.1140823334,0.0612067268846,0.0289895442777,0.00835317581715,0.0356791670179
163,3.08992309331,1.3105903203,0.532246457337,1.60453891888,1.05242233747,1.54523925352,1.81766228722
164,0.0268551387081,0.0,2.46855361463,0.22034819383,0.313050030859,0.0668534844391,0.629486018518
165,0.0270385754479,0.0,2.37801384593,0.0751528990056,0.117069597339,0.0125133849496,0.0967529665757
166,3.45771834255,12.3283664381,0.499924089732,4.39935446329,4.6195564317,2.91372811453,1.75322142775
167,2.49163958051,0.899188969534,0.757283527767,1.33180641028,1.41675206273,0.592050639598,1.47332207127
168,0.70841434547,1.17125610924,1.72581404364,1.42802770667,1.49907434156,0.900303885677,2.27957873506
169,0.116567933591,0.0,1.28003818825,0.486264488709,0.225412487703,0.282794388467,2.38150869516
170,4.25765386343,2.44082417451,0.302400665608,3.22647741087,2.72279432165,2.30947762655,0.653701346659
171,2.33427837326,1.40041491322,0.349204629058,2.39411497547,2.29625593641,3.07405293442,0.434084030591
172,1.48715833698,4.36780924071,0.31395822631,2.24384894791,2.42289609682,3.15207440434,0.417386247101
173,0.244200159871,0.0,3.28265211526,0.318181298289,0.110895040517,0.17030495413,0.230707500195
174,2.37100470153,1.27275082644,0.408289540103,1.42852483733,1.24942157286,2.28446723543,0.0450990171748
175,0.0,0.0,1.15264633811,0.00258507943307,0.0,0.0,0.0
176,2.61288209368,0.476235374531,0.528061345428,1.00315664503,0.498286735509,1.32314304944,1.1285984772
177,0.00829592655788,0.0,1.27711877244,0.0172603765224,0.104658738127,0.0,0.0
178,0.0262222819558,0.0,2.40826305876,0.0852280803858,0.320181643988,0.0635402920141,0.143954312618
179,2.343239258,3.70614855823,0.735520945839,3.93339058128,4.74990132621,2.96842386744,2.54550562636
180,2.72242592878,2.96208972555,0.265690859491,2.57189552796,3.37593894225,1.50336106282,0.803843882007
181,0.109112758757,0.0,0.946630739882,0.764925004246,0.397610586531,0.711985397591,1.62376464166
182,1.61509170524,7.96892668045,0.574286045044,4.03447381552,3.85662819081,3.15733199147,2.73386929227
183,3.03303477438,9.85382857123,0.557944707417,4.03045699978,7.87546198934,2.23600243692,2.07989291349
184,3.60747609693,1.57959257889,0.411438074625,2.79755970565,2.83356587103,2.20423697056,0.68139624785
185,0.0244377045299,0.0,3.00470683631,0.0615476164802,0.0621072208305,0.00782170124535,0.0155518163175
186,1.11529996396,0.317568836383,0.597999831464,1.06753837973,0.824951664159,0.831344558595,2.91876588659
187,0.0116390611409,0.0,0.640139196673,0.23906019188,0.189867622266,0.0579808674367,1.41796560611
188,2.40194589362,5.60378149367,0.358945407736,3.39249916615,5.20283594186,2.14023807281,1.06421804146
189,0.232423521176,0.0,1.09530753335,0.0183739492012,0.0,0.0211005432826,0.0
190,0.832179113819,2.2416069015,0.87012079667,2.20012133504,1.10435036034,2.35525396596,1.00708428539
191,0.00584704608143,0.0,1.35403891205,0.0276802351603,0.0937297725529,0.0151480280785,0.0203523769815
192,4.84069378316,1.43754712683,0.328126631661,2.27773337371,2.28466320598,1.44759834964,0.671140883446
193,3.0945319414,3.57247258924,0.566021141923,3.37354854539,4.83625250336,1.77859469626,1.95445326322
194,0.639322897421,0.705865698685,0.987448053184,1.25223236261,0.680559652884,1.23134234915,3.63068653276
195,0.0998813048262,0.0,2.88093403233,0.114578674564,0.107066815288,0.0243014241,0.208411840699
196,0.00178850821314,0.0,1.36061591242,0.0768166296151,0.0,0.0535726368374,0.0
197,3.83117720113,0.943040345605,0.416321629052,2.33447255306,1.75462381201,1.91091648864,1.34689897281
198,0.011538170934,0.0,2.70087444274,0.0355614132268,0.00432218977517,0.000655151044482,0.0
199,3.41335967013,4.22274605955,0.352108154379,3.4416872622,4.31712663858,1.86736579093,1.01946906516
200,1.48618153634,0.326056199493,1.50139365361,0.907004946933,0.461424631283,0.523652870554,0.613371636498
201,3.21170674487,3.54913234068,0.642325986936,3.45241335332,2.3244427883,4.25267902274,0.83848542784
202,0.0322481788585,0.0,1.267947557,0.0247173364255,0.122811935183,0.0,0.0
203,0.0116060425277,0.0,1.61859064505,0.170018685791,0.19957402559,0.143736395439,0.0567416269309
204,0.0218198002003,0.0,3.35281510067,0.0688625390518,0.0,0.0108661480378,0.0
205,3.24073102303,1.95303655575,0.722522154545,3.64705657781,2.70951902449,3.57996993027,1.28011617316
206,4.02291903933,1.44355900903,0.310324662262,1.47596104493,1.4441979678,1.66295585726,0.441689085462
207,0.000990558394971,0.0,0.607911063376,0.08293465094,0.0719335869725,0.0118301560032,0.0377210721614
208,0.0140879416174,0.0,1.98790875565,0.118595490299,0.110864167733,0.0594268793849,0.00837597824176
209,2.34406013741,3.14881171398,0.536362279314,3.92757083835,5.35102530558,2.53874773457,1.92262454591
210,1.82669286349,3.69942939577,0.591169229941,2.98527955715,4.73025079912,2.12271746202,2.45861214462
211,0.0349171834227,0.0,1.40896642716,0.01256746309,0.0654811750938,0.00196545313345,0.0
212,1.75864700486,1.598983846,0.873186183273,1.59151409558,2.37529026373,1.22833450391,3.02850995375
213,0.112995197355,0.0794983011345,3.26354583217,0.172484453865,0.130517782096,0.0346032063094,0.365922736608
214,3.04187642524,9.05695947919,0.512484968653,4.07242808432,6.16927757559,2.97539186677,1.39487124222
215,3.26474977115,7.36101929766,0.306898968011,3.75319728797,4.39214750396,2.48668428496,1.10589165857
216,3.51064901382,4.66380602919,0.435919593495,3.0518055821,4.41275508735,1.854236564,1.35605837588
217,3.45575556943,4.02442467487,0.528197153695,3.25489339941,4.22506399636,2.05545684801,1.6856968748
218,2.39225355488,2.49669931499,0.257991362217,1.30189902977,1.97548770953,1.86069448143,0.980464509768
219,2.72526002641,0.0,2.2192678395,1.29550261527,1.05538612474,1.21174397362,2.4633752009
220,0.618291875202,1.54328552558,2.47432685178,1.0307705961,1.17458594419,0.741322125433,1.40058024232
221,3.59354407654,3.9423801648,0.609468701053,3.11502071685,4.05532542934,1.73568230285,1.70104866776
222,0.25456662863,0.215720479057,0.723777688118,1.13775311417,0.473511326262,0.525119940929,4.350801886
223,0.892596297035,0.157016217543,2.57347381587,0.683514887331,0.527507825667,0.269098611871,0.750068851549
224,1.63347206657,0.862881916229,1.62739600964,1.19935754559,0.684449623682,0.765487839674,0.995466261843
225,1.89359912138,5.29375698005,0.315829054482,3.04861731747,3.35871192872,2.39475489429,1.333589085
226,0.383346098854,0.413051671375,0.832909331443,0.987937818415,1.01769045535,0.471778946782,3.17075781707
227,1.30965577571,0.912391534373,0.254291279834,1.08173643138,1.1112349912,1.79789825382,0.255179802792
228,1.92757848447,0.431440958114,0.369683961439,1.12387322614,0.520005739129,1.7317256585,0.690286869531
229,4.09224436922,3.42111461377,0.4890095396,1.75693929407,1.94304041343,1.68329829719,0.729260171276
230,0.0961208516601,0.0,2.99417872603,0.357668938996,0.195424723406,0.0778225847839,1.25913038886
231,0.0116390611409,0.0,1.00036923975,0.0125276926372,0.0862276860146,0.00213392054489,0.00930108628637
232,0.0107172915234,0.0,0.515417318587,0.215814362209,0.264240159183,0.0808362795885,0.254592234169
233,0.00771045762999,0.0,2.28939109869,0.103579934891,0.132073770416,0.0424569074493,0.0446191000136
234,0.304459128899,0.0,0.490356535884,0.909232092291,0.290698135164,1.27190087846,0.896688058737
235,0.0364167787707,0.431440958114,3.00140705177,0.184097426088,0.0501991469602,0.126252285922,0.161606374226
236,0.0236633394354,0.0,2.11667993738,0.0439463503622,0.0,0.0331880800533,0.0
237,0.923127049417,1.15050922164,0.546364973936,1.61816692738,0.779908272145,2.00464988451,0.0941860001096
238,0.0570121387328,0.0,1.19945030155,0.141801549517,0.260628043443,0.0525477934178,0.14041639942
239,2.75243159349,2.76640885383,1.24157580878,2.60325453001,3.80821966533,1.86733958489,2.55638189661
240,0.408550306904,0.0,1.23033975336,0.10773815668,0.386496384252,0.0292852516884,0.0106137395929
241,0.143342054406,0.647868717431,0.404231921669,0.293366745201,0.716773428644,0.122223106998,0.239315449973
242,1.84755649969,1.24693509698,1.34116761423,1.4364093296,1.60979958176,1.16353421605,3.28269589047
243,0.0332112217425,0.0,2.52261639138,0.107360337378,0.103732554604,0.106808338852,0.0247153865432
244,1.00294037491,1.13306297524,0.972265243225,2.43786910197,2.51727419784,1.84043627521,4.2079539526
245,2.25020472949,3.45789318725,0.581253840633,4.07786337954,0.984255230158,3.82095320303,2.14975107232
246,1.04872618516,0.139334211063,0.627916452621,0.846573743879,0.588404392321,0.537242575077,2.16692807844
247,0.00506285401874,0.0,1.18144877715,0.00332083281018,0.0,0.0,0.017252014886
248,1.64237333437,0.862881916229,0.783918577731,1.35732578417,0.663425257704,0.852402985025,2.84564484669
249,0.256265711432,0.662014322615,1.52064239679,1.21415215404,1.33768686263,0.577773026479,5.17805475197
250,1.92798777769,1.6612245088,1.45595747342,2.13133336558,1.98995160888,1.29378058352,2.91573740789
251,0.0253555433602,0.0,3.01912587325,0.0119112506185,0.0,0.0,0.0
252,0.0135789046644,0.0,2.2666372088,0.520336719425,0.176715816236,0.39383469109,0.277544914844
253,2.45803855569,0.930545061026,0.653731109787,3.23605546159,3.05637475394,2.90115389413,2.48136480193
254,0.101963311823,0.28762730541,1.78224237868,0.699045249156,0.252786356279,1.0707507892,2.05468997
255,1.47045642182,1.39051298959,0.565572143162,1.23359990546,1.64453146388,2.05409506977,1.11695545073
256,2.13776947278,1.25542246009,0.331398502263,1.88070494324,0.71681973782,2.57691262274,0.533162268738
257,0.0176649580436,0.0,1.05118093289,0.39784372475,0.0530703158823,0.583936125947,0.405072308939
258,0.870962226534,0.431440958114,1.26801407533,1.22266303094,0.78994192698,0.543391635594,4.45467026693
259,0.00178850821314,0.431440958114,1.79877218493,0.188631257709,0.0844679373204,0.0826894211143,0.0342164961906
260,1.40579497104,0.431440958114,3.22463426917,0.513993332201,1.11688471069,0.161181195894,0.0882478065799
261,0.0398699753976,0.0,0.480096082713,0.20086067195,0.0380661428056,0.461979759017,1.55439403977
262,1.96720769915,0.676513567928,1.82780328075,1.63577860957,1.14383665121,1.60480652241,1.55631926462
263,3.51360693125,2.81143903034,0.522468262095,2.31438184598,2.51282851693,2.00661533764,1.71708804102
264,1.86549661284,0.748656154367,0.472804010241,1.72138450926,1.50815094008,2.31528975225,1.01753133885
265,0.03129889373,0.0,3.04821933001,0.20495702859,0.0,0.0316157175466,0.3811695173
266,0.589396002763,0.289277626014,0.054154239465,0.205016684269,0.352505448949,0.0892596501604,0.00175020440873
267,2.92161346425,1.97048280214,0.671964894044,3.12595759138,3.62608258821,1.95660297877,2.02438643081
268,4.79276176304,3.65380981905,0.191190324314,4.91988340657,4.84421768166,3.35024121652,0.740861526213
269,0.183721066756,0.28762730541,1.45581473616,1.04514098638,0.347874531333,1.5170771179,4.46578823208
270,3.16099107223,6.29715190778,0.381671119722,2.51320096802,3.33728621654,1.49795606671,0.886178497978
271,0.091415699284,0.0,2.29165087435,0.230469774072,0.232225082063,0.111553504274,0.048672351176
272,1.36471431316,4.24863251704,0.845048927577,2.53636062837,1.89497148857,2.46442552823,1.76150572862
273,0.320858373438,0.112457561213,0.0593509843853,0.371634996344,0.586829880331,0.25539659574,0.321362532362
274,3.36440407301,2.00961897648,0.261455858831,2.07280948716,1.9693131527,1.65617504395,0.228284995045
275,3.04438492265,4.32501878503,0.282004481145,3.36314857197,4.00861490698,2.60453425874,1.46859651936
276,5.27715857594,2.55115989495,0.737937778677,2.85440493955,2.91034648511,2.37843695364,0.278044973246
277,1.62454328326,3.64885885723,0.600510898609,3.60356095925,2.21061483329,2.84007977783,2.41694477823
278,1.6850040327,0.335722363035,0.387153339163,1.3282800968,0.398197169429,2.36557259491,0.169744824726
279,1.76114403748,2.42243488777,0.297852474454,3.37696880433,1.72047851279,3.4398378015,0.912044018847
280,0.0284510383444,0.0,1.84076188388,0.336961789897,0.17276409987,0.0629693746754,1.28428332651
281,2.25899593524,2.75627117012,0.224349714301,1.40509009801,1.90580783579,1.65427978557,0.725222199676
282,0.480475852583,0.0,1.90496039193,0.974594831495,0.588867484083,0.890659126372,4.68399705031
283,0.702601693777,0.658477921319,1.30955893293,0.977915664305,0.997731200422,1.25247097034,4.01363750812
284,0.0228103585953,0.0,1.2075904828,0.164112773547,0.429656536436,0.220748464788,0.0450802649847
285,3.61628106044,4.10599766476,0.421609836683,3.46213722904,4.16912251156,1.97046035929,1.59186091558
286,0.537302886969,0.477349876757,0.565724832976,1.22628937314,0.846582259352,1.80395414675,0.174484014586
287,2.59026892958,4.86538090306,0.516622963409,4.20733608868,3.33592781404,3.25192644299,1.60870038228
288,0.111781763321,2.03272346495,0.683833427963,1.36245617259,0.570992142084,1.74049298337,0.333939001185
289,3.03256701069,0.747830994065,0.632012873417,1.96257904877,1.30493083869,2.8042898122,1.25073774201
290,2.47333717979,1.57110521578,0.588024852814,1.52088839979,2.22688479052,1.44683556663,1.72809349303
291,2.79831829396,0.532346275094,0.453666130948,1.13616229606,0.943410536783,1.65153283083,1.01465183589
292,0.0764380894786,0.0,0.362017723333,0.039551715326,0.0,0.0327949894267,0.0219025580292
293,0.91787617274,2.15791207083,0.292306508275,1.36502136679,1.71538450341,1.95912156657,0.759826241128
294,1.62729483436,3.35887395096,0.777100448396,2.18482959593,1.57858719703,2.0420356109,2.98612375341
295,2.40392013153,4.06120324835,0.358392474077,2.697669585,3.31647796006,2.7292282211,0.430912826888
296,1.77707276678,0.73924932692,1.040429907,1.60797508601,2.12273854061,1.12142017098,3.64365054684
297,2.93065872989,1.59609578494,0.380124568434,2.19360560918,1.31826788143,3.25755138268,0.597761480033
298,2.709190968,4.55912855083,0.532229827753,4.21865078251,4.09609294075,2.99709842477,1.93725125418
299,2.76385970238,3.3892870021,0.542373873838,3.95291787361,4.98521368668,2.83255490012,2.06200749129
300,0.0123682221817,0.0,2.33409511526,0.0332480985546,0.0803001114658,0.0,0.00846348846219
301,0.37256919039,0.0,1.04143322521,1.90736440344,0.479083863793,2.49781951289,3.0092264516
302,1.73818234358,3.42960197688,1.15095012056,2.36196719277,1.220802502,2.77916476964,2.70326571804
303,1.54076543123,1.15428138302,1.71373680845,2.05184714432,1.36519451327,1.52430717764,3.95837480391
304,1.93828889711,1.47750846148,0.950605210397,1.86793862789,1.83560312473,1.58124916271,3.81834594976
305,4.86216505355,3.38504332055,0.513942828828,2.7252305088,3.59025780953,1.78740179816,0.487798637325
306,2.08908765499,1.60835530943,0.705144239532,3.23968120121,1.43299114717,3.28952275365,2.66744903496
307,0.907177224891,1.63994716101,0.626242407857,2.06269453533,0.88222067868,2.44329222739,1.18332153505
308,2.10255649761,3.47769703451,0.758974202114,3.07876994911,1.62795277882,2.93569907277,1.07468801426
309,3.59285160285,3.62622588894,0.202190793961,3.20382813799,2.68574698072,3.092205298,0.890804038201
310,0.40901807059,0.616041105767,1.90934228725,0.705845996587,0.751412692413,0.431739858663,0.398384027806
311,1.07039006414,0.687004891773,1.16282364336,1.09616647735,0.640116305703,1.38484891853,2.8654763295
312,0.00614971670211,0.0,1.2974068646,0.0277398908395,0.176715816236,0.0,0.0442426671606
313,2.25959669056,1.23491133257,0.567925229261,3.157601615,1.36019312225,3.05378068924,1.94450626817
314,0.566159153748,0.28762730541,0.482573890691,1.04795143171,0.755024808154,1.46731371643,0.613638334313
315,0.00888751004377,0.0,2.66917291292,0.158147205625,0.0,0.0108240311849,0.367380406852
316,0.0218473157113,0.0,3.12670265049,0.0965030037593,0.0,0.0790252549155,0.0
317,1.69904152922,1.18327987365,0.498987289847,1.17430216031,0.913865282391,1.44295145687,2.03923816537
318,0.30903170654,1.05281881493,0.490320253156,0.817788974779,0.666262747226,1.42164798693,0.203598778575
319,0.0136614511973,0.0,2.12915212519,0.0556786339431,0.0,0.00366416619878,0.0
320,0.0136064201754,0.733449628794,0.172515301769,0.183799147691,0.654996987643,0.0652670829814,0.471655085231
321,4.28354595925,7.36632389961,0.512066457463,3.64687098237,3.8500522878,3.26978398861,0.83238471533
322,2.46634365409,1.51923799677,1.37721778019,1.66955035242,2.22493980512,1.66517869116,2.02679504545
323,2.60077526885,2.15083926824,0.497169122025,2.78210888473,3.09354558601,1.65443421403,2.10794618987
324,2.94173830898,10.1162295474,0.541667116528,4.16226622303,6.8239349626,2.25378510812,1.98671953164
325,0.0695867272467,0.0,0.595638430572,0.257016551327,0.121607896603,0.569939291847,0.0227901616936
326,0.234230373063,0.0782723486852,0.514480518703,0.216006586064,0.368559296685,0.187363839421,0.159635310689
327,1.20383112051,1.93841943039,0.850769504385,3.38503557784,2.15529080417,2.9958091811,2.64989281788
328,0.874553000715,1.43224252489,0.409923396706,1.25437996706,0.82976781848,1.84391091557,0.760770101363
329,4.80053489489,4.82789504933,0.161115722112,3.02215670953,4.54163352461,2.64403986672,0.219325615333
330,4.77744938119,3.49891544228,0.266156487836,3.60117473208,3.36278713622,1.87860818285,0.578480061464
331,4.77776580957,1.55177288869,0.12709159377,2.5801280117,2.85088550292,1.95909348867,0.186371766609
332,0.00188481250154,0.0,1.18127416652,0.00517015886615,0.103084226138,0.011104810204,0.00178770878891
333,0.0335689233851,0.0,1.32711561596,0.129253971654,0.0810410582844,0.0478728227504,0.233283495493
334,0.0198295115734,0.0,2.8179439407,0.179523824014,0.0781698893623,0.0709341395162,0.155984884351
335,0.716008626498,1.40465859478,0.747782492254,1.94611408131,1.72461546586,1.37814765927,3.76679826277
336,3.30473668747,5.21053366955,0.311122882282,4.07086377984,3.69500916601,2.95884930289,1.20716598654
337,0.890154295436,0.575254610819,1.20340537089,1.36105094992,0.327251511548,1.4595267783,4.50276755094
338,3.44942700191,1.31884192333,0.318511960659,2.87580144316,2.11954012017,2.8175332226,1.24833746168
339,0.0,0.0,1.1327074672,0.00880915529886,0.0511253304834,0.00693524177088,0.00955111548762
340,0.332442403557,0.299533189773,0.412201649679,0.199945951535,0.409650972334,0.107601539581,0.315611860733
341,1.69282302374,4.226706829,0.867324255003,2.92937224311,2.5257024679,2.32962352117,2.24711244328
342,0.00802535736666,0.0,2.22973893406,0.0828418532168,0.0978049800552,0.0288360052579,0.0832847269352
343,2.64720540066,1.08319971697,0.560308879906,2.29977614718,1.9759199285,2.01693396659,2.22017804758
344,0.155008631057,0.0,1.11219487565,0.0373245699683,0.141983934114,0.0,0.0100011680499
345,2.58988829835,1.40371555443,0.435379132023,1.75211381247,1.95418548849,1.23476317354,1.64660897634
346,0.0266625301313,0.0,0.594998191598,0.354553586859,0.338705314453,0.322671248708,0.337189380801
347,2.5922821478,1.34477553283,1.0510617542,1.62718156335,1.71720599767,1.48124971507,2.24063668697
348,0.52799514003,1.19777911896,1.46199816972,1.38045230249,1.09437845107,0.696549571018,3.09467393113
349,2.92327540111,0.108921159917,0.732874070426,1.30272095246,0.82337715217,1.11007389082,1.91811151882
350,1.73500430206,0.862881916229,0.262057295443,1.40069546297,1.14346617781,2.27828307754,0.790942375223
351,0.0757089284378,1.440729888,0.320768040854,0.690434946121,0.922015697396,0.922976791467,0.479606013831
352,4.07430425607,1.7441531192,0.582850280672,1.95275574693,1.52221349325,2.30761980538,0.463229101149
353,0.51193525346,0.465861930729,1.65010924944,0.649186358141,0.56194641634,0.343701597236,1.46457104922
354,0.337959263506,0.431440958114,0.253501374606,0.367459098798,1.26192505043,0.214641521123,0.737686155358
355,0.00367332071468,0.0,1.1492705326,0.0133231016935,0.0,0.00892877280623,0.00300035041496
356,0.0916266515348,0.431440958114,0.761959212396,0.149457361684,0.243030556501,0.0977251375852,0.137378544625
357,2.10781196021,0.431440958114,1.24977973676,2.5719949541,1.52496117103,2.1872124027,4.31381631641
358,0.942640132614,0.0,0.640538306683,0.725413059373,0.241919136273,1.48432424533,0.548089012052
359,0.0746908545319,0.431440958114,0.251821786648,0.144247432365,0.596091715564,0.104337483484,0.213449929104
360,0.901995136991,0.647868717431,1.69831841272,1.80992679404,1.86669201833,1.07920223767,4.66964537416
361,0.0482071752219,0.172576383246,2.95346396183,0.345819995421,0.116587981907,0.240296300095,0.715188527829
362,2.25544643433,3.14386075216,0.927847625043,2.70793036182,1.94544849059,2.62176005156,2.42584581779
363,2.65493038037,3.07171816572,1.47427911731,1.85316390466,2.16939966651,1.51741405273,0.741636616737
364,3.30483299175,3.00947750291,0.230219957363,3.35797841311,2.49458270152,3.30641161164,0.452402836735
365,2.01840947915,1.26320254294,0.65171338696,2.05993711727,1.80247662738,1.82642072251,2.12478982373
366,2.84401238584,2.19917008595,0.643393051893,3.09038954974,2.92217076142,2.01553475115,2.66609471012
367,0.441541404558,0.0,1.87871890878,0.95291993471,0.16689827089,0.972379859871,4.46723423429
368,2.5826608908,0.644332316135,0.483891785203,1.26881664143,0.914143137448,2.4710448936,0.700331792691
369,0.00704397080868,0.0,0.398694270282,0.233492328486,0.0,0.15524271964,0.489819706702
370,0.0107769084638,0.0,3.18013073147,0.100672272896,0.0,0.0,0.00504225555847
371,1.29614565982,3.11839866283,0.510378554712,2.12147526459,2.41085571102,1.75531811558,2.65718533625
372,0.152793632424,0.0,1.08360862119,0.0887676506864,0.255163560656,0.0334267422195,0.0305660698524
373,0.880789849869,0.656827600714,0.315973177541,0.763287787272,1.13482179825,0.287321170208,0.692455872852
374,3.45832826971,1.92168046426,0.50974663053,1.85924878395,1.98999791806,2.50951863869,0.010438719152
375,1.15170757089,0.575254610819,0.500511668357,0.900814013111,0.491618214141,1.51454074743,1.30135198665
376,1.22774209954,1.0991135228,1.48791537598,2.19729763289,1.60377938886,1.81981305626,4.93428878222
377,0.0378475853412,0.0,1.32847924183,0.147289872006,0.22626663473,0.12341641783,0.0184771579721
378,4.00898243302,8.21223108962,0.378963269169,4.11443231091,7.02602820738,2.33039566348,1.07001246819
379,1.16840490013,0.0,0.767430345448,1.14604525359,1.07678096413,1.75361940251,0.816720385872
380,1.91197948271,8.02197269989,0.336876564308,3.4729547922,2.93945952052,3.16929317768,0.63326562661
381,0.0039003236802,0.0,2.0946582111,0.0629168563557,0.100583530625,0.0832509791524,0.0520560796995
382,0.00119233880876,0.0,1.74854529882,0.0277067487955,0.0163008300092,0.00142261369659,0.00116680293915
383,0.257696518003,0.431440958114,1.36330159019,0.27471440283,0.815967683984,0.222531411559,0.452677868857
384,0.84162610592,2.32648053261,1.42175734865,1.33812991228,2.1206515404,1.2327602832,4.01859433703
385,1.46396276123,2.87485849358,1.05144977782,1.51260288879,2.18746024521,0.915639099768,3.88016150261
386,3.70336765266,2.62754616294,0.484868773248,1.56906367497,1.04742094644,1.4241673405,0.193772630966
387,2.34059318303,3.68563743071,0.354684076902,3.35889313352,4.55571151416,2.13109871574,1.47353459609
388,0.00603965465823,0.0,1.24772598317,0.00517015886615,0.0501991469602,0.0,0.00410047890044
389,3.39545532714,9.27244419816,0.236680550648,3.8749744145,3.81902513977,3.04789836879,0.805881619998
390,0.00822713778045,0.0,2.18536011824,0.0129651676182,0.0,0.0,0.0
391,1.26356729483,0.884807604264,1.58030934327,1.66864888882,1.72483157535,1.27024428224,4.65363100382
392,3.07084108645,2.64310632864,0.278221250843,2.61126827625,1.6311018028,2.4875617194,0.355741547534
393,0.0042373886896,0.0,2.12542709843,0.0709703730511,0.0,0.00328511452305,0.0
394,0.172054490104,0.431440958114,0.749337358334,0.17162938913,0.378901679362,0.143337689232,0.271506709634
395,2.07486213582,1.36858730156,0.610887758866,3.62815898432,1.31740344347,3.52418381883,0.991365782942
396,3.13692417197,1.71161822727,0.364359723044,1.92795224119,1.92602950938,2.21896850976,0.933142316279
397,2.82560909492,1.50297055081,0.23291394993,1.83980103252,1.47920770498,2.49587277836,0.691330741447
398,0.00730536816291,0.0,0.0947803125536,0.00332083281018,0.0183384337604,0.0,0.00175020440873
399,1.48392526444,1.1910599565,0.285072639346,2.37377901726,3.14411520638,2.75199939955,0.373418612062
400,1.43383327672,0.60401734136,0.385677463606,1.29141620124,1.62466482731,2.21174546949,0.107343786825
401,1.65974937955,0.304837791717,0.561805542443,0.682381429426,0.414930218416,0.621939566177,1.61053809691
402,0.0,0.0,1.67535572916,0.0454775127957,0.110956786085,0.00196545313345,0.020252365301
403,2.67508549215,2.58510934739,0.463707627933,1.40141133112,2.29248945675,1.61471802178,0.996166343606
404,3.88565791285,2.48113914929,0.331119956735,2.72974445519,2.31934877892,2.18471346943,0.474105371404
405,0.0112676017428,0.0,1.66107091673,0.0357138666292,0.101880187558,0.00692120281992,0.0
406,3.42185645992,1.48528854433,0.529303021014,1.61448153209,1.64490193729,2.23872131375,0.977089115551
407,4.61230128434,5.69855704841,0.619061199277,4.69164077786,5.67704190576,3.02990043367,0.93864712586
408,0.00813083349205,0.0,1.10369715835,0.0374041108739,0.0130591876778,0.0,0.0
409,2.39152439384,3.266220237,0.281572111967,1.6132884185,1.70695623335,2.33884711195,0.979214363762
410,0.0292214726516,0.0,2.94282102824,0.178967037674,0.0339909353033,0.129719906807,0.71607113091
411,0.450538976646,0.28762730541,1.76185450901,1.14986984547,0.919206274042,0.447945487714,4.17792961268
412,2.35451603158,2.79658614489,0.586500474304,2.54007916571,3.06659364548,1.71327145747,1.90684770331
413,2.11916898736,1.2101565235,0.726795957568,2.02018986388,1.92711005683,2.1337731359,2.16971590404
414,0.135417587246,0.0,1.17310072611,0.122691846939,0.592479599823,0.133033099232,0.0601945302001
415,0.0524170484005,0.431440958114,0.345753990431,0.507152814316,0.468648862765,0.915325563197,0.124914588943
416,2.29888654727,1.59739246541,0.737359900642,1.7208177803,2.06293487051,2.34960094838,1.76177451001
417,0.813193411249,0.786849288364,0.379449684494,1.1078059632,1.32379410978,1.51677528046,0.23660263314
418,0.0546733203002,0.0,2.13818198916,0.0319555588381,0.0,0.00196545313345,0.0
419,4.54326486731,0.660599762096,0.363506071078,1.27012906637,0.481708050443,1.38401594077,0.200123372678
420,0.0816935520741,0.0,1.08532978311,0.174254239016,0.537742153599,0.0972056963999,0.106849979153
421,1.85028053527,0.862881916229,0.976189824989,2.41696972902,0.763823551625,1.67296562929,3.70228239454
422,2.64856053958,2.29088075956,1.41557668669,1.6207453784,2.09836139028,1.35225983371,3.133528469
423,0.0984780137667,0.671916246244,0.0890597357454,0.143452023309,0.531721960698,0.122068678538,0.217125358362
424,3.3139681414,0.765984520718,0.964158321149,1.66664048095,1.49791661215,1.70006080463,0.487944487693
425,2.35560289426,0.862881916229,0.538050182064,1.24930923432,1.8902479526,1.05045046612,1.51211410184
426,0.0272953868836,0.0,2.06904449474,0.044761644645,0.112623916427,0.0,0.0
427,4.25549389582,4.68926811852,0.0975491382472,4.48461568572,4.82384164415,2.78054058684,1.30148950271
428,0.0690364170273,0.0,1.16846107225,0.0864013087439,0.125034775639,0.0558048300389,0.0
429,4.55736656668,5.98146915209,0.175442108508,3.34246793651,3.6587027719,3.04553982503,0.267168702992
430,3.47375071361,2.64169176813,0.265499619278,2.99769788104,2.09660164158,2.14011172226,0.498320699544
431,2.18244778372,0.592700857213,0.66271108501,2.95298263526,2.14003964882,2.42793361505,2.8637427937
432,3.43686617115,1.18045075261,0.0816512561871,1.40729735814,1.45484907832,1.19326871417,0.204361367639
433,2.09303613082,3.74221985145,0.197068882168,1.51787910219,2.39446226266,0.810300171116,0.990103135476
434,0.00830968431337,0.0,2.99231066946,0.0824043782358,0.149578639005,0.0256772412934,0.0
435,0.00357701642628,0.0,1.32110402144,0.127623383088,0.0492112178687,0.178023257387,0.0204940601955
436,2.21234338639,1.00787436937,0.588861875196,3.33027829272,2.64036398808,2.76549083142,2.19826923882
437,1.69099324226,4.22741410926,0.59789173917,4.14465785505,1.43345423893,4.18030823058,0.98485252225
438,3.61487776938,3.16720100071,0.104783007176,2.45063541733,2.28785853913,1.24264370467,0.209824505686
439,3.42112729888,1.9867502481,0.259837246013,1.50533152433,1.92877718717,1.40966510416,0.339727177194
440,3.36909546763,4.23095051056,0.301328057456,3.24522917937,4.87783814355,1.66934357994,0.629173482017
441,3.64114591052,5.38193125237,0.324609474699,3.84349610109,6.13207587074,1.98010043894,0.879494383998
442,0.0173760451784,0.0,2.83930186942,0.0914123857987,0.144299392922,0.0115540566345,0.0360417093597
443,0.0253830588711,0.0,3.52324338968,0.191653812123,0.0,0.0756980235396,0.0135140783274
444,2.16435633526,7.39815151127,1.16200047896,3.6575891194,2.98592306061,2.88477979767,3.15534351681
445,0.0126984083133,0.0,3.11557745897,0.0372052586098,0.0,0.0,0.0
