,0,250000,500000,750000,1000000,1250000,1500000,1750000,2000000,2250000,2500000,2750000,3000000,3250000,3500000,3750000,4000000,4250000,4500000,4750000,5000000,5250000,5500000,5750000,6000000,6250000,6500000,6750000,7000000,7250000,7500000,7750000,8000000,8250000,8500000,8750000,9000000,9250000,9500000,9750000,10000000,10250000,10500000,10750000,11000000,11250000,11500000,11750000,12000000,12250000,12500000,12750000,13000000,13250000,13500000,13750000,14000000,14250000,14500000,14750000,15000000,15250000,15500000,15750000,16000000,16250000,16500000,16750000,17000000,17250000,17500000,17750000,18000000,18250000,18500000,18750000,19000000,19250000,19500000,19750000,20000000,20250000,20500000,20750000,21000000,21250000,21500000,21750000,22000000,22250000,22500000,22750000,23000000,23250000,23500000,23750000,24000000,24250000,24500000,24750000,25000000,25250000,25500000,25750000,26000000,26250000,26500000,26750000,27000000,27250000,27500000,27750000,28000000,28250000,28500000,28750000,29000000,29250000,29500000,29750000,30000000,30250000,30500000,30750000,31000000,31250000,31500000,31750000,32000000,32250000,32500000,32750000,33000000,33250000,33500000,33750000,34000000,34250000,34500000,34750000,35000000,35250000,35500000,35750000,36000000,36250000,36500000,36750000,37000000,37250000,37500000,37750000,38000000,38250000,38500000,38750000,39000000,39250000,39500000,39750000,40000000,40250000,40500000,40750000,41000000,41250000,41500000,41750000,42000000,42250000,42500000,42750000,43000000,43250000,43500000,43750000,44000000,44250000,44500000,44750000,45000000,45250000,45500000,45750000,46000000,46250000,46500000,46750000,47000000,47250000,47500000,47750000,48000000,48250000,48500000,48750000,49000000,49250000,49500000,49750000,50000000,50250000,50500000,50750000,51000000,51250000,51500000,51750000,52000000,52250000,52500000,52750000,53000000,53250000,53500000,53750000,54000000,54250000,54500000,54750000,55000000,55250000,55500000,55750000,56000000,56250000,56500000,56750000,57000000,57250000,57500000,57750000,58000000,58250000,58500000,58750000,59000000,59250000,59500000,59750000,60000000,60250000,60500000,60750000,61000000,61250000,61500000,61750000,62000000,62250000,62500000,62750000,63000000,63250000,63500000,63750000,64000000,64250000,64500000,64750000,65000000,65250000,65500000,65750000,66000000,66250000,66500000,66750000,67000000,67250000,67500000,67750000,68000000,68250000,68500000,68750000,69000000,69250000,69500000,69750000,70000000,70250000,70500000,70750000,71000000,71250000,71500000,71750000,72000000,72250000,72500000,72750000,73000000,73250000,73500000,73750000,74000000,74250000,74500000,74750000,75000000,75250000,75500000,75750000,76000000,76250000,76500000,76750000,77000000,77250000,77500000,77750000,78000000,78250000,78500000,78750000,79000000,79250000,79500000,79750000,80000000,80250000,80500000,80750000,81000000,81250000,81500000,81750000,82000000,82250000,82500000,82750000,83000000,83250000,83500000,83750000,84000000,84250000,84500000,84750000,85000000,85250000,85500000,85750000,86000000,86250000,86500000,86750000,87000000,87250000,87500000,87750000,88000000,88250000,88500000,88750000,89000000,89250000,89500000,89750000,90000000,90250000,90500000,90750000,91000000,91250000,91500000,91750000,92000000,92250000,92500000,92750000,93000000,93250000,93500000,93750000,94000000,94250000,94500000,94750000,95000000,95250000,95500000,95750000,96000000,96250000,96500000,96750000,97000000,97250000,97500000,97750000,98000000,98250000,98500000,98750000,99000000,99250000,99500000,99750000,100000000,100250000,100500000,100750000,101000000,101250000,101500000,101750000,102000000,102250000,102500000,102750000,103000000,103250000,103500000,103750000,104000000,104250000,104500000,104750000,105000000,105250000,105500000,105750000,106000000,106250000,106500000,106750000,107000000,107250000,107500000,107750000,108000000,108250000,108500000,108750000,109000000,109250000,109500000,109750000,110000000,110250000,110500000,110750000,111000000,111250000,111500000,111750000,112000000,112250000,112500000,112750000,113000000,113250000,113500000,113750000,114000000,114250000,114500000,114750000,115000000,115250000,115500000,115750000,116000000,116250000,116500000,116750000,117000000,117250000,117500000,117750000,118000000,118250000,118500000,118750000,119000000,119250000,119500000,119750000,120000000,120250000,120500000,120750000,121000000,121250000,121500000,121750000,122000000,122250000,122500000,122750000,123000000,123250000,123500000,123750000,124000000,124250000,124500000,124750000,125000000,125250000,125500000,125750000,126000000,126250000,126500000,126750000,127000000,127250000,127500000,127750000,128000000,128250000,128500000,128750000,129000000,129250000,129500000,129750000,130000000,130250000,130500000,130750000,131000000,131250000,131500000,131750000,132000000,132250000,132500000,132750000,133000000,133250000,133500000,133750000,134000000,134250000,134500000,134750000,135000000,135250000,135500000,135750000,136000000,136250000,136500000,136750000,137000000,137250000,137500000,137750000,138000000,138250000,138500000,138750000,139000000,139250000,139500000,139750000,140000000,140250000,140500000,140750000,141000000
CEBPB,0,2,10,5,2,0,1,3,7,3,11,9,3,6,6,12,13,15,11,8,4,4,10,9,7,6,4,8,5,4,1,1,0,1,1,4,1,0,4,2,3,3,3,2,3,4,2,1,0,0,7,14,6,1,4,6,9,10,4,2,3,6,9,5,15,14,13,13,3,4,3,3,6,17,5,4,8,7,1,4,1,6,10,12,6,4,16,16,21,2,5,3,10,1,4,1,2,3,2,2,0,2,3,3,3,6,5,2,16,0,4,2,3,1,2,3,1,0,2,3,1,0,1,1,3,1,1,0,0,7,3,3,21,14,9,12,8,8,6,7,4,9,18,15,11,10,5,1,6,7,4,17,15,2,2,0,0,0,0,0,0,0,0,0,0,0,0,0,0,0,0,0,0,0,0,0,0,0,0,0,0,0,0,0,0,0,0,0,0,0,0,0,0,0,0,0,0,0,0,0,0,0,0,0,0,0,0,0,0,0,0,0,0,0,0,0,0,0,0,0,0,0,0,0,0,0,0,0,0,0,0,0,0,0,0,0,0,0,0,0,0,0,0,0,0,0,0,0,0,0,0,0,0,0,0,0,0,0,0,0,0,0,0,0,0,0,1,0,0,0,0,0,0,0,0,0,1,0,0,1,0,0,0,0,7,1,4,10,6,8,15,15,18,2,7,1,3,9,3,5,15,2,3,8,4,3,2,1,3,4,4,4,0,3,6,7,11,12,3,9,5,10,9,7,8,7,7,15,8,4,4,8,1,7,8,5,21,13,5,8,2,3,5,2,2,5,11,8,3,3,1,2,2,4,4,8,18,10,8,6,4,9,4,5,10,14,9,11,6,2,1,1,3,2,5,28,22,11,15,8,13,11,4,3,5,6,3,8,2,5,20,19,10,5,9,7,3,15,1,0,4,5,8,14,14,12,14,8,10,6,6,6,15,10,2,1,6,6,1,1,0,1,0,1,1,1,2,7,3,1,14,18,10,2,2,1,1,5,16,5,8,11,13,6,10,4,4,14,8,7,24,22,8,21,19,12,7,9,21,19,5,8,14,11,4,18,3,7,13,17,17,24,14,18,16,17,11,12,4,5,6,2,2,2,0,2,0,2,0,0,4,1,15,10,11,8,21,17,14,9,9,2,6,6,3,5,9,8,17,13,13,11,4,15,6,0,6,1,7,17,8,16,16,9,9,8,12,13,12,15,9,15,0,6,15,3,3,13,17,8,6,2,7,7,6,5,6,4,7,10,10,1,0,3,1,5,2,9,6,6,5,3,5,0,0
CHD1,0,0,1,1,0,0,0,0,1,0,1,1,0,0,1,0,1,1,0,0,0,0,1,1,0,0,0,0,0,0,0,0,0,0,0,0,0,0,0,0,0,0,0,0,0,0,0,0,0,0,0,1,0,0,0,0,0,1,0,0,0,0,1,0,0,0,0,0,0,0,0,0,0,1,0,0,2,0,0,1,0,0,0,1,0,0,1,3,1,0,0,0,0,0,0,0,0,0,0,0,0,0,0,0,1,0,0,0,1,0,0,0,0,0,0,0,0,0,0,0,0,0,0,0,0,0,0,0,0,1,0,0,2,4,2,0,1,1,1,2,3,4,0,1,3,1,0,1,0,0,2,3,2,0,0,0,0,0,0,0,0,0,0,0,0,0,0,0,0,0,0,0,0,0,0,0,0,0,0,0,0,0,0,0,0,0,0,0,0,0,0,0,0,0,0,0,0,0,0,0,0,0,0,0,0,0,0,0,0,0,0,0,0,0,0,0,0,0,0,0,0,0,0,0,0,0,0,0,0,0,0,0,0,0,0,0,0,0,0,0,0,0,0,0,0,0,0,0,0,0,0,0,0,0,0,0,0,0,0,0,0,0,0,0,0,0,0,0,0,1,0,0,0,0,0,0,0,0,0,0,0,0,0,0,1,0,1,0,0,0,0,1,1,0,0,0,0,0,1,2,0,0,0,0,0,0,0,0,0,0,0,1,0,0,0,0,0,0,0,0,1,0,0,0,2,0,0,0,1,0,0,0,0,0,0,0,1,1,0,0,0,0,1,0,0,1,2,1,0,0,0,0,1,0,0,2,0,2,0,0,0,0,1,1,3,0,1,1,0,0,0,0,0,0,1,1,1,0,0,0,1,1,0,2,1,0,0,1,0,1,0,1,0,1,0,0,0,1,0,0,1,1,0,2,2,1,0,4,0,0,1,1,2,0,0,0,0,0,0,0,0,0,0,0,0,0,0,0,0,0,0,0,1,0,0,0,0,0,0,0,0,1,0,0,0,1,0,1,0,0,1,1,0,0,2,1,0,2,2,1,0,0,0,1,2,2,0,1,1,2,1,0,0,0,0,0,0,1,0,0,0,0,0,0,0,0,0,0,0,0,0,0,1,0,1,2,1,1,0,2,2,0,0,0,0,1,0,2,2,2,5,1,1,0,0,1,1,1,0,3,0,3,2,1,2,1,1,5,1,4,2,2,0,0,3,0,1,1,1,0,1,2,0,5,1,2,0,1,2,3,1,0,0,1,1,2,0,7,3,1,1,4,1,0,0
CTCF,0,2,4,4,5,1,1,3,10,2,2,7,1,2,2,1,9,7,9,7,1,7,3,4,7,2,7,5,4,5,3,1,0,0,0,1,0,1,1,5,3,3,1,0,0,0,0,0,0,2,9,5,4,3,1,0,1,7,3,3,5,6,7,3,5,2,1,3,5,2,2,2,7,7,0,4,8,6,1,3,1,4,7,2,6,9,3,7,9,4,2,1,2,2,0,0,1,0,0,0,0,0,2,1,0,1,4,4,3,2,3,1,1,0,0,1,1,0,0,1,0,0,0,0,2,0,0,1,1,7,9,1,8,9,10,8,8,13,16,8,7,9,19,14,13,4,5,6,0,9,5,6,6,8,5,0,0,0,0,0,0,0,0,0,0,0,0,0,0,0,0,0,1,0,0,0,2,2,0,0,0,0,0,0,0,0,0,0,0,0,0,0,0,0,0,0,0,0,0,0,0,0,0,0,0,0,0,0,0,0,0,0,0,0,0,0,0,0,0,0,0,0,0,0,0,0,0,0,0,0,0,0,0,0,0,0,0,0,0,0,0,0,0,0,0,0,0,0,0,0,0,0,0,0,0,0,0,0,0,0,0,0,1,0,0,1,0,0,0,0,0,1,0,0,1,0,1,1,0,0,0,0,1,0,8,3,5,6,4,5,7,4,6,1,2,2,2,6,3,6,3,5,3,3,0,1,0,0,2,5,6,5,0,2,3,5,6,6,4,5,5,7,6,5,3,3,2,2,6,1,1,3,2,0,3,1,2,3,1,0,4,0,2,3,5,4,7,5,3,5,1,0,2,5,3,3,4,2,4,4,0,8,5,4,7,7,1,6,9,0,1,7,0,1,9,5,5,6,8,9,5,6,6,5,4,4,2,7,0,6,1,10,5,2,2,7,4,7,2,1,7,4,10,10,8,6,9,10,3,1,5,7,6,7,0,2,8,6,2,0,0,1,0,0,0,0,0,2,1,2,5,2,6,5,3,0,0,1,1,6,8,1,0,0,5,3,7,7,9,4,12,6,5,3,0,2,3,4,4,6,6,5,11,2,8,10,4,9,12,10,4,3,1,5,2,8,2,7,2,2,1,1,1,1,0,1,0,0,2,1,3,2,6,5,8,10,8,13,7,10,11,1,2,5,7,2,1,6,11,5,14,4,8,3,0,4,5,10,6,8,9,15,16,11,10,6,6,10,9,12,5,12,2,3,12,11,6,8,9,5,8,6,9,8,14,11,6,6,4,11,12,3,1,7,3,5,15,8,20,16,20,9,4,0,1
DNase-seq,6,3,23,12,9,0,0,4,26,9,18,22,3,16,10,31,35,22,29,29,10,14,26,19,18,13,17,24,11,11,4,2,0,4,1,1,0,0,0,1,4,3,0,0,0,0,0,0,0,0,11,31,11,12,6,9,23,29,6,2,14,21,13,8,50,36,46,28,11,11,8,1,7,34,23,19,23,13,2,5,2,15,26,16,10,8,40,33,41,4,5,5,2,0,0,1,0,0,0,0,0,0,8,1,4,11,1,10,31,3,6,0,2,0,0,0,0,0,0,0,0,0,0,0,1,0,0,0,0,16,17,5,36,27,28,26,26,28,29,10,24,24,45,35,48,21,23,8,20,21,15,42,27,13,5,0,0,0,0,0,1,0,3,1,0,0,0,2,0,1,0,0,1,1,0,0,1,1,0,1,0,0,0,0,0,0,0,1,2,0,0,0,0,0,0,0,0,0,0,0,0,0,0,0,0,0,0,0,0,0,0,0,0,0,0,0,0,0,0,0,0,0,0,0,0,0,0,0,0,0,0,0,0,0,0,0,0,0,0,0,0,0,0,0,0,0,0,0,0,0,0,0,0,0,0,0,0,0,0,0,0,0,0,0,0,7,1,0,0,6,0,0,0,14,3,0,9,1,0,0,2,0,1,3,18,4,17,21,16,26,45,29,39,1,9,3,4,24,12,14,40,4,7,9,0,0,0,0,1,7,16,9,0,2,5,25,32,17,8,18,16,24,29,16,15,28,25,26,21,21,4,7,8,13,24,15,39,37,17,17,16,2,15,5,8,8,17,21,2,3,0,1,4,4,16,15,28,35,29,26,7,21,12,14,36,44,30,26,21,1,7,5,5,2,15,37,36,34,40,26,26,34,9,22,10,12,3,22,6,13,44,39,25,13,24,15,25,26,8,3,12,18,22,30,34,31,39,33,24,5,17,20,22,17,0,0,18,13,0,0,0,0,0,0,0,0,0,6,0,1,44,35,32,12,2,0,0,3,27,16,22,24,15,25,18,10,11,30,24,7,41,47,14,34,47,27,20,18,45,35,21,17,27,17,17,55,20,33,42,30,23,49,27,35,21,42,26,26,10,7,0,1,0,0,0,0,0,0,0,1,4,0,28,24,29,19,42,45,42,31,28,2,20,23,9,15,14,23,39,28,39,23,23,30,22,1,19,13,18,40,24,45,46,42,34,24,27,36,38,50,27,41,5,16,43,16,23,28,34,24,21,11,16,24,17,23,28,25,26,45,34,7,0,10,8,34,22,27,33,33,28,24,24,3,1
EP300,0,0,6,2,0,0,0,0,1,2,4,5,0,0,3,3,4,4,2,4,0,3,11,3,0,2,2,3,0,5,0,0,0,0,0,0,0,0,0,0,0,0,0,0,0,0,0,0,0,0,1,8,1,3,0,0,1,4,0,0,4,2,0,1,18,15,11,14,0,0,1,0,1,2,3,1,5,1,0,2,0,3,2,4,1,0,5,4,11,0,2,0,0,0,0,0,0,0,0,0,0,0,0,0,1,3,0,2,11,0,1,0,0,0,0,0,0,0,0,0,0,0,0,0,0,0,0,0,0,5,3,0,6,7,4,3,4,0,0,1,2,3,17,9,14,1,1,0,0,2,1,13,14,0,1,0,0,0,0,0,0,0,0,0,0,0,0,0,0,0,0,0,0,0,0,0,0,0,0,0,0,0,0,0,0,0,0,0,0,0,0,0,0,0,0,0,0,0,0,0,0,0,0,0,0,0,0,0,0,0,0,0,0,0,0,0,0,0,0,0,0,0,0,0,0,0,0,0,0,0,0,0,0,0,0,0,0,0,0,0,0,0,0,0,0,0,0,0,0,0,0,0,0,0,0,0,0,0,0,0,0,0,0,0,0,0,0,0,0,0,0,0,0,0,0,0,2,0,0,0,0,0,0,1,3,0,3,3,1,3,11,3,15,0,2,0,1,3,2,7,11,0,0,0,0,0,0,0,0,0,1,2,0,0,1,12,5,5,0,2,1,6,0,0,4,2,6,5,4,5,1,0,1,2,1,0,14,11,1,1,3,1,4,0,0,2,4,5,0,0,0,0,1,1,0,4,10,8,5,8,0,4,0,5,6,14,7,9,3,0,1,0,1,0,4,21,10,4,11,9,7,4,2,4,0,0,1,4,0,0,15,10,11,4,5,2,5,6,0,0,0,5,4,4,7,12,15,7,9,2,3,2,4,1,0,0,1,0,0,0,0,0,0,0,0,0,0,0,0,0,7,12,5,0,0,0,0,1,8,2,10,7,5,4,6,3,0,5,1,0,18,12,8,10,14,6,1,6,7,15,0,2,5,3,7,15,1,3,8,4,7,13,8,12,7,11,5,2,4,0,0,0,0,0,0,0,0,0,0,0,2,0,6,5,8,0,17,8,9,3,11,0,6,3,0,0,1,3,16,4,9,3,6,6,1,1,2,0,3,12,3,13,7,4,5,6,6,9,12,23,13,8,0,3,10,3,6,4,8,4,1,0,3,5,4,3,4,0,6,16,11,2,0,0,0,4,2,8,5,3,2,4,1,0,0
H2AK5ac,12,6,65,16,2,0,0,1,37,15,53,39,8,17,20,97,117,66,40,57,4,49,68,38,16,32,36,44,29,49,2,2,0,1,0,0,0,0,1,0,4,2,0,0,0,0,0,0,0,0,19,73,21,16,2,5,13,33,5,0,25,46,22,39,75,104,111,98,24,6,11,0,7,73,60,35,47,16,0,9,7,42,65,45,16,20,101,59,101,0,4,6,0,0,0,0,0,0,0,0,0,0,12,1,26,30,0,15,93,7,7,0,0,0,0,0,0,0,0,0,0,0,0,0,0,0,0,0,0,34,19,6,78,105,36,69,56,25,26,6,32,61,75,73,85,61,33,4,29,41,27,56,33,14,10,0,0,0,0,0,0,0,0,1,1,0,0,1,0,0,0,0,0,2,0,0,0,0,0,0,0,1,0,0,0,0,0,0,0,0,0,0,0,0,0,0,0,0,0,0,0,0,0,0,0,0,0,0,0,0,0,0,0,0,0,0,0,0,0,0,0,0,0,0,0,0,0,0,0,0,0,0,0,0,0,0,0,0,0,0,0,0,0,0,0,0,0,0,0,0,0,0,0,0,0,0,0,0,0,0,0,0,0,0,2,2,0,0,1,11,0,0,0,1,0,0,10,0,0,0,0,1,0,3,43,3,37,49,42,69,94,66,98,0,14,0,3,51,17,23,95,0,7,17,0,0,0,0,0,14,46,11,0,1,19,81,41,35,5,28,13,63,49,17,51,96,97,83,52,56,14,13,3,17,37,51,103,117,46,60,41,1,18,0,3,9,31,57,2,1,0,0,1,4,10,23,87,106,67,77,11,40,18,59,97,101,67,59,55,1,12,4,2,0,36,73,102,77,106,71,75,82,19,33,18,35,3,43,3,18,97,120,97,24,60,13,59,73,7,0,15,52,37,76,82,88,80,63,83,17,28,38,59,25,0,1,17,16,0,0,0,0,0,0,0,0,0,7,0,0,85,89,56,2,0,0,0,3,48,28,35,82,75,58,57,29,7,54,36,33,100,102,45,100,107,89,54,51,94,80,54,42,48,25,47,72,51,50,92,78,70,102,94,78,79,131,69,47,19,9,0,0,0,0,0,0,0,0,0,0,13,0,47,60,77,47,77,94,95,74,68,8,50,66,20,23,31,37,59,112,77,63,80,83,38,3,42,7,56,78,69,81,84,88,69,49,58,72,82,67,76,96,12,37,90,59,72,55,62,69,33,8,16,31,33,44,57,72,55,77,81,12,0,12,7,74,27,55,65,66,63,73,62,0,1
H2AK9ac,19,51,75,70,49,43,29,37,57,51,66,56,45,33,33,57,61,54,54,59,38,62,49,46,40,41,75,62,62,43,28,33,22,17,19,10,11,9,13,14,6,10,8,17,18,16,9,6,10,10,20,35,34,39,38,44,42,54,31,40,50,59,34,23,77,69,50,58,36,25,41,37,38,52,44,68,84,58,54,34,39,51,35,30,42,40,43,52,47,19,17,25,28,18,33,16,12,15,11,10,10,14,15,21,18,21,31,42,53,53,41,33,15,11,10,8,13,10,11,15,18,10,6,17,12,11,10,22,23,53,54,64,74,87,33,59,78,76,88,43,64,60,73,88,63,72,80,99,47,60,82,79,89,92,54,7,2,0,0,0,0,0,0,1,0,0,0,1,0,0,0,0,0,3,2,0,4,1,0,9,0,4,0,0,0,0,0,0,6,0,0,0,0,0,0,0,0,0,0,0,0,0,0,0,0,0,0,0,0,0,0,0,0,0,0,0,0,0,0,0,0,0,0,0,0,0,0,0,0,0,0,0,0,0,0,0,0,0,0,0,0,0,0,0,0,0,0,0,0,0,0,0,0,0,0,0,0,0,0,0,0,0,0,0,0,13,4,3,0,12,0,0,0,33,4,1,1,0,1,13,1,1,1,2,62,51,66,77,74,39,65,46,74,34,30,23,31,43,44,49,62,29,23,25,9,15,18,21,19,44,49,36,31,28,51,56,64,57,56,29,52,61,54,62,74,61,58,60,43,63,35,24,23,25,38,32,43,64,45,33,46,30,45,54,57,28,54,75,61,46,39,49,50,25,60,58,74,85,43,60,65,77,53,87,79,66,77,74,94,57,38,59,46,55,77,89,60,67,95,59,59,75,74,99,71,94,67,58,34,77,87,87,81,97,56,92,73,77,31,36,61,70,76,93,96,86,89,78,89,53,56,37,63,42,18,20,39,43,19,13,11,14,15,16,21,10,10,21,16,11,83,70,51,32,42,21,26,38,45,74,75,86,65,78,60,68,64,64,90,45,70,75,50,46,63,41,49,50,61,74,49,49,75,48,79,96,84,99,101,85,63,65,41,47,41,56,65,55,71,53,68,33,29,14,20,22,22,29,29,41,58,74,91,55,70,54,75,91,78,89,70,39,62,35,95,77,51,92,85,58,69,67,75,66,44,86,96,99,76,86,89,84,89,93,106,92,99,88,96,85,98,95,43,101,97,104,84,85,99,80,86,98,80,80,86,118,99,87,74,88,96,99,103,101,110,97,82,91,95,92,86,101,95,75,8
MacroH2A1.1,4,0,7,4,3,0,0,2,1,2,9,3,2,2,2,3,2,2,2,9,0,6,3,7,0,4,4,3,8,6,3,0,0,1,0,0,0,0,0,0,0,0,0,0,0,0,0,0,0,0,1,4,1,1,0,1,5,1,7,0,7,4,4,0,8,4,2,5,1,0,3,0,1,1,3,4,4,2,0,1,0,3,4,6,4,3,2,11,4,0,3,0,0,0,0,0,0,0,0,0,0,0,0,0,3,0,0,2,5,1,6,0,0,0,0,0,0,0,0,0,0,0,0,0,0,0,0,0,0,0,4,0,6,9,4,3,5,5,8,6,2,13,10,10,9,7,5,4,5,8,1,3,4,4,0,0,0,0,0,0,0,0,1,2,0,0,0,0,0,0,0,0,0,1,0,0,0,0,0,1,0,1,0,0,0,0,0,0,0,0,0,0,0,0,0,0,0,0,0,0,0,0,0,0,0,0,0,0,0,0,0,0,0,0,0,0,0,0,0,0,0,0,0,0,0,0,0,0,0,0,0,0,0,0,0,0,0,0,0,0,0,0,0,0,0,0,0,0,0,0,0,0,0,0,0,0,0,0,0,0,0,0,0,0,0,2,0,4,0,0,0,0,0,1,0,0,1,0,0,2,0,0,0,0,6,4,7,3,5,6,0,2,7,2,2,0,0,6,2,4,4,0,1,3,0,0,0,0,0,0,7,3,0,0,0,6,9,3,1,3,4,1,0,6,2,1,1,2,6,8,0,4,0,1,1,3,5,4,2,0,1,1,2,1,2,5,3,2,0,1,0,0,0,3,4,4,1,6,1,0,4,4,3,0,13,10,12,5,7,1,3,3,1,2,1,7,6,3,3,6,1,7,10,5,7,4,2,8,5,1,3,8,3,5,3,10,8,4,2,1,6,6,4,6,5,2,9,7,4,5,5,2,3,3,0,0,6,5,0,0,0,0,0,0,0,0,0,6,0,0,4,0,6,7,1,0,0,3,4,7,6,0,0,0,3,1,0,6,7,5,10,4,7,9,0,0,1,7,10,3,4,9,8,5,14,6,1,3,10,10,2,6,0,0,0,1,1,5,6,1,0,0,0,0,0,0,0,0,0,0,3,0,10,4,4,6,4,3,10,11,14,5,7,7,3,5,0,1,3,8,8,7,9,4,3,2,3,7,6,12,7,13,16,12,6,7,10,8,5,11,4,10,2,7,9,8,8,9,6,6,7,1,8,10,8,15,5,5,4,19,16,8,7,5,0,13,8,20,14,18,17,15,3,4,3
H2AZ,25,78,74,80,43,39,32,51,68,62,55,43,41,23,35,53,47,60,54,63,33,58,33,32,54,41,77,48,59,56,40,35,19,23,21,14,10,7,16,14,12,7,12,19,15,22,9,11,11,14,27,48,28,31,47,50,49,51,42,50,44,46,37,29,77,64,28,58,45,16,51,46,48,78,36,73,62,51,54,38,53,36,37,18,46,48,60,51,42,24,17,32,26,16,39,23,18,17,17,7,11,12,26,26,30,26,31,37,50,73,48,33,14,12,10,15,11,12,16,12,15,16,15,18,16,18,20,22,17,38,57,75,61,62,45,42,61,68,80,48,52,45,61,77,44,48,74,98,44,59,78,54,90,88,64,4,4,1,0,0,0,0,1,1,1,0,0,2,0,1,0,0,1,5,1,1,7,5,1,7,1,5,2,0,2,0,0,1,6,0,0,0,0,0,0,0,0,0,0,0,0,0,0,0,0,0,0,0,0,0,0,0,0,0,0,0,0,0,0,0,0,0,0,0,0,0,0,0,0,0,0,0,0,0,0,0,0,0,0,0,0,0,0,0,0,0,0,0,0,0,0,0,0,0,0,0,0,0,0,0,0,0,1,0,0,11,7,4,0,7,0,2,0,28,7,2,5,1,2,9,1,2,3,6,57,71,81,67,66,50,85,34,76,51,38,32,31,45,42,55,77,43,34,26,12,15,12,20,31,53,54,37,47,33,40,65,70,75,65,31,61,50,46,70,86,78,72,65,53,59,53,29,29,34,46,45,57,60,53,53,45,33,56,55,65,28,61,81,64,70,53,52,55,22,55,53,76,79,59,70,78,91,62,82,63,89,79,76,86,56,41,70,65,57,82,72,56,73,88,56,54,61,69,67,53,78,55,53,21,84,70,69,75,85,49,88,81,61,23,39,54,63,69,79,87,81,85,60,85,55,44,20,38,39,25,33,46,43,17,15,10,15,14,9,12,18,11,28,24,18,80,71,40,36,44,24,31,31,36,78,70,91,78,83,69,85,50,65,93,63,52,50,42,45,43,54,49,42,46,58,45,43,60,38,73,93,75,85,82,89,65,70,42,45,54,50,53,55,79,64,62,25,30,25,7,17,31,26,37,46,59,79,80,53,63,45,75,82,85,67,58,42,38,29,86,67,39,75,78,59,64,46,60,41,35,90,92,70,87,90,71,86,81,86,89,66,78,87,80,71,79,77,43,86,60,88,74,83,85,77,68,95,80,78,76,69,71,82,73,79,84,92,92,91,78,79,61,80,66,72,68,77,90,70,20
H2BK120ac,13,4,32,9,1,0,0,0,13,10,17,14,1,9,14,45,56,20,13,19,5,21,42,13,8,13,11,21,10,27,0,2,0,0,0,0,0,0,1,0,8,3,0,0,0,0,0,0,0,0,19,48,14,9,1,6,12,10,4,0,14,23,17,26,44,63,63,45,10,5,11,0,6,46,34,17,24,6,1,5,3,20,34,29,8,7,48,34,49,1,5,14,2,0,0,0,0,0,0,0,0,0,8,0,19,12,0,6,68,7,4,0,0,0,0,0,0,0,0,0,0,0,0,0,1,0,0,0,0,18,16,2,48,32,17,15,12,6,7,5,13,19,36,20,39,16,29,0,9,21,9,37,26,8,5,0,0,0,0,0,0,0,0,2,1,0,0,2,0,0,0,0,0,4,0,0,0,0,0,0,0,1,0,0,0,0,0,0,0,0,0,0,0,0,0,0,0,0,0,0,0,0,0,0,0,0,0,0,0,0,0,0,0,0,0,0,0,0,0,0,0,0,0,0,0,0,0,0,0,0,0,0,0,0,0,0,0,0,0,0,0,0,0,0,0,0,0,0,0,0,0,0,0,0,0,0,0,0,0,0,0,0,0,0,8,2,1,0,0,6,0,0,0,2,1,0,9,0,1,1,0,0,0,5,36,1,19,29,13,36,44,31,56,0,9,1,1,26,10,12,67,1,8,6,0,0,0,0,0,7,20,4,0,2,14,32,14,16,2,14,7,29,30,11,23,58,66,45,25,29,7,11,5,23,18,17,66,67,15,31,17,5,6,1,3,4,13,31,0,2,0,1,2,3,7,12,45,41,33,39,9,16,10,30,54,50,32,31,28,1,6,2,4,0,18,43,55,25,45,47,34,34,8,16,8,8,1,20,3,7,52,57,50,11,28,5,25,34,1,0,9,25,23,34,43,59,42,36,51,8,14,20,21,16,0,0,10,11,0,0,0,0,0,0,0,0,0,4,0,0,49,42,23,3,3,0,0,2,22,12,19,34,39,25,24,18,2,24,10,6,47,58,13,65,65,52,19,15,47,34,18,19,14,12,28,45,21,17,32,29,30,54,46,35,47,72,22,23,12,10,0,0,0,0,0,0,0,2,0,1,4,0,33,35,29,17,35,39,47,20,36,7,28,36,2,4,9,16,30,52,45,22,30,44,24,0,20,2,14,43,15,19,42,33,20,18,26,18,33,54,39,27,1,10,35,13,24,15,25,33,8,3,8,17,15,10,17,14,20,40,30,3,1,6,1,28,10,27,15,18,15,15,23,0,1
H2BK12ac,13,4,40,15,2,0,0,1,19,14,38,24,8,14,14,55,58,34,24,36,7,36,57,31,22,30,20,33,13,30,2,1,0,1,0,0,0,0,0,0,7,4,0,0,0,0,0,0,0,0,16,62,20,13,4,4,20,19,4,0,13,33,15,32,54,69,81,72,21,5,5,0,8,63,50,31,25,11,0,10,1,21,44,37,12,16,62,44,69,0,9,10,1,0,0,0,0,0,0,0,0,0,11,1,17,22,0,13,67,8,4,0,0,0,0,0,0,0,0,0,0,0,0,0,0,0,0,0,0,25,24,5,49,61,25,39,27,13,6,2,13,31,33,33,48,23,23,2,16,26,14,39,29,5,2,0,0,0,0,0,0,0,0,2,1,0,0,1,0,1,0,0,0,2,0,1,0,1,0,0,0,1,0,0,0,0,0,0,0,0,0,0,0,0,0,0,0,0,0,0,0,0,0,0,0,0,0,0,0,0,0,0,0,0,0,0,0,0,0,0,0,0,0,0,0,0,0,0,0,0,0,0,0,0,0,0,0,0,0,0,0,0,0,0,0,0,0,0,0,0,0,0,0,0,0,0,0,0,0,0,0,0,0,0,6,3,0,0,0,7,0,0,0,0,0,0,10,0,1,1,1,0,2,6,32,0,26,30,21,48,72,53,59,0,17,0,2,39,13,16,56,1,7,10,0,0,0,0,0,7,30,7,0,2,15,47,25,31,8,18,9,40,38,18,34,57,69,55,38,40,9,11,5,27,32,28,74,72,37,48,31,3,9,1,6,9,21,33,1,3,0,0,1,2,5,30,67,52,50,43,8,22,10,32,69,63,48,34,32,1,5,1,3,1,22,45,59,35,59,54,55,45,14,20,12,13,2,26,1,9,61,69,53,13,44,6,29,47,3,0,12,33,24,37,48,72,52,48,56,8,14,36,38,17,0,0,10,14,0,0,0,0,0,0,0,0,0,2,0,0,55,56,41,6,3,0,0,4,28,14,21,44,45,32,32,23,6,27,18,16,64,69,23,75,65,64,34,32,53,33,34,30,26,17,33,51,32,26,38,44,42,62,61,47,54,74,45,30,12,17,0,0,0,0,0,0,0,1,0,0,5,0,34,40,49,27,40,42,56,34,41,4,32,45,4,12,13,14,39,61,51,38,40,63,29,1,21,0,30,55,24,40,45,39,28,24,30,30,33,54,39,49,2,18,53,15,29,24,30,37,17,6,13,15,13,14,17,22,30,51,44,5,0,3,2,29,13,27,23,21,15,20,31,0,3
H2BK15ac,14,11,45,19,1,0,0,2,41,15,50,32,8,21,21,79,95,51,39,53,13,35,59,38,21,31,30,40,32,50,8,1,0,2,0,1,0,0,1,0,8,2,0,0,0,0,0,0,0,0,23,75,23,15,9,9,24,30,6,2,22,49,18,48,56,76,90,105,28,13,15,0,9,82,68,38,40,11,2,10,5,43,63,49,15,22,83,52,78,1,10,14,2,0,0,0,0,0,0,0,0,0,10,1,32,21,0,12,78,9,5,0,0,0,0,0,1,0,0,0,0,0,0,0,0,0,0,0,0,32,23,6,58,72,38,44,37,16,12,4,19,51,44,44,66,42,28,4,22,38,18,54,43,17,6,0,0,0,0,0,0,0,0,0,1,0,0,0,0,1,0,0,0,2,0,0,0,1,0,0,0,0,0,0,0,0,0,1,0,0,0,0,0,0,0,0,0,0,0,0,0,0,0,0,0,0,0,0,0,0,0,0,0,0,0,0,0,0,0,0,0,0,0,0,0,0,0,0,0,0,0,0,0,0,0,0,0,0,0,0,0,0,0,0,0,0,0,0,0,0,0,0,0,0,0,0,0,0,0,0,0,0,0,1,2,3,1,0,0,7,0,0,0,1,0,0,9,0,0,3,1,0,1,7,47,2,32,36,36,63,87,66,67,0,23,2,3,44,17,25,86,1,9,13,0,0,0,0,0,10,40,10,0,0,42,61,34,38,7,25,17,58,43,18,44,77,90,73,50,54,12,20,10,34,50,53,91,87,54,64,52,6,18,0,4,6,20,55,2,3,0,1,1,5,2,21,73,81,70,74,15,34,18,60,85,97,64,58,44,0,5,3,2,0,24,60,92,57,88,66,64,50,16,22,15,11,1,36,5,16,68,78,69,19,57,11,46,59,3,0,10,39,30,47,62,95,62,61,62,16,24,46,40,21,0,1,18,20,0,0,0,0,0,0,0,0,0,4,0,0,76,82,50,7,5,0,0,8,40,22,32,63,66,61,50,29,10,50,28,28,83,75,45,83,87,82,49,39,87,56,41,42,30,19,44,66,45,38,50,71,72,75,74,50,74,72,74,44,18,16,0,0,0,0,0,0,0,0,0,0,10,0,41,46,64,44,53,76,88,56,55,12,50,56,9,16,30,27,47,85,57,45,57,69,38,1,31,4,46,66,34,41,56,46,36,26,43,37,73,72,61,65,2,21,71,30,56,25,46,44,26,7,16,21,13,16,22,23,48,72,54,8,2,7,6,28,16,26,18,23,13,21,35,2,1
H2BK20ac,10,5,44,11,0,0,0,2,29,15,29,29,5,10,18,65,64,30,27,28,8,38,54,21,13,24,17,31,20,35,0,2,0,1,0,0,0,0,2,0,8,2,0,0,0,0,0,0,1,0,24,72,28,10,3,5,13,21,4,0,21,35,22,33,57,69,78,74,24,11,10,0,6,72,54,31,35,12,1,11,3,29,50,44,20,12,66,46,67,1,7,12,3,0,0,0,0,0,0,0,0,0,9,0,23,17,0,13,70,9,7,0,0,0,0,0,0,0,0,0,0,0,0,0,1,0,0,0,0,21,17,3,53,52,20,32,25,16,7,4,14,30,42,31,52,34,31,1,18,34,12,39,34,12,8,0,0,0,0,0,0,0,0,0,1,0,0,2,0,0,0,0,0,2,0,0,0,0,0,0,0,2,0,0,0,0,0,0,0,0,0,0,0,0,0,0,0,0,0,0,0,0,0,0,0,0,0,0,0,0,0,0,0,0,0,0,0,0,0,0,0,0,0,0,0,0,0,0,0,0,0,0,0,0,0,0,0,0,0,0,0,0,0,0,0,0,0,0,0,0,0,0,0,0,0,0,0,0,0,0,0,0,0,0,4,1,0,0,0,7,0,0,0,0,1,0,9,0,0,2,1,0,0,6,35,2,28,36,25,46,70,49,66,1,14,2,2,35,14,16,71,2,8,12,0,0,0,0,0,8,29,10,0,2,20,52,30,24,5,24,9,48,45,15,34,68,81,70,40,45,8,16,6,34,32,37,86,72,32,40,26,5,18,0,5,7,24,42,1,2,0,1,2,5,9,14,56,61,36,57,11,26,11,48,72,66,46,40,29,0,9,2,5,1,24,43,72,33,66,57,58,52,12,19,9,10,1,31,5,8,66,62,68,16,46,11,48,63,2,0,9,43,33,42,54,67,56,59,69,15,20,37,37,21,0,0,15,22,0,0,0,0,0,0,0,0,0,4,0,0,66,57,36,4,4,0,0,7,35,15,31,44,54,37,47,33,10,26,9,17,59,70,30,78,80,68,38,31,70,53,32,36,25,18,33,52,34,30,48,54,34,62,64,52,66,75,46,31,19,16,0,0,1,0,0,0,0,0,0,1,4,0,34,50,45,32,43,45,58,44,50,9,35,56,8,10,18,19,40,60,52,47,41,49,32,3,19,3,38,63,23,40,47,48,31,30,36,32,47,61,51,50,3,10,55,16,38,27,29,47,12,4,14,27,13,11,21,18,27,51,51,5,0,3,6,32,12,26,9,21,10,13,24,0,0
H2BK5ac,12,12,35,10,3,1,4,5,24,15,27,20,8,19,17,43,51,30,31,28,21,25,56,41,21,38,21,34,25,37,10,4,2,4,5,4,1,2,2,4,8,4,3,1,0,1,1,3,2,2,15,44,27,13,6,9,14,22,10,3,8,46,12,17,48,56,51,41,20,10,6,4,5,27,20,21,28,22,4,13,3,14,38,34,12,22,48,33,44,5,6,6,4,0,5,2,4,1,0,5,4,1,10,4,20,10,1,25,60,7,11,1,2,5,1,3,0,4,4,2,1,5,4,3,4,2,2,3,0,27,23,9,52,60,17,60,52,14,15,3,20,27,45,31,56,39,29,7,23,30,21,54,31,16,5,0,0,0,0,0,0,0,0,1,1,0,0,2,0,1,0,0,0,2,0,0,0,0,2,2,1,2,0,0,0,0,0,0,2,0,0,0,0,0,0,0,0,0,0,0,0,0,0,0,0,0,0,0,0,0,0,0,0,0,0,0,0,0,0,0,0,0,0,0,0,0,0,0,0,0,0,0,0,0,0,0,0,0,0,0,0,0,0,0,0,0,0,0,0,0,0,0,0,0,0,0,0,0,0,0,0,0,0,1,4,4,1,1,0,5,0,1,0,4,1,0,10,0,0,3,1,1,1,4,33,6,27,32,13,35,38,43,48,1,15,2,6,44,16,12,44,3,6,9,1,2,0,1,5,3,26,10,4,7,22,36,24,21,12,29,14,44,35,22,14,24,43,25,24,41,11,10,8,17,12,15,43,42,24,24,23,9,12,7,12,25,27,34,6,8,2,2,14,7,18,25,44,49,40,39,16,35,19,14,53,52,42,47,30,8,7,7,7,3,25,51,49,31,59,48,38,48,15,28,20,45,8,24,8,12,63,56,46,14,37,14,28,26,7,2,11,34,19,43,51,52,56,45,32,11,19,32,38,15,0,5,11,15,2,3,3,1,3,1,0,0,0,8,4,3,51,40,32,15,4,6,1,6,24,10,29,31,31,26,30,15,16,29,18,10,48,57,24,54,67,34,30,26,45,32,41,19,18,15,31,37,26,29,43,25,25,63,31,44,35,64,44,28,19,10,8,6,5,4,1,1,6,7,2,8,12,4,31,41,42,35,29,32,45,15,39,6,45,45,10,11,20,15,30,36,49,38,54,51,25,5,23,9,32,56,26,33,60,34,43,42,39,41,39,56,33,43,8,21,53,26,33,47,32,32,28,14,12,22,30,27,44,48,45,63,64,9,8,13,14,52,23,54,30,37,33,35,58,6,4
H3K14ac,7,2,46,22,1,0,0,3,47,24,63,30,10,54,27,88,100,54,45,70,21,51,77,62,17,39,34,75,54,39,1,2,0,0,0,0,0,0,1,0,4,0,0,0,0,0,0,0,0,0,27,73,52,19,5,5,12,20,17,2,29,67,37,66,75,92,98,105,70,50,18,1,8,89,93,67,49,37,3,16,9,60,93,89,24,32,100,64,86,0,6,12,0,0,0,0,0,0,0,0,0,0,13,0,26,19,0,11,79,9,8,0,0,0,0,0,0,0,0,0,0,0,0,0,0,0,0,0,0,27,24,4,70,61,42,82,57,41,19,5,32,56,52,62,69,75,46,5,42,46,32,44,45,21,8,0,0,0,0,0,0,0,0,0,1,0,0,1,0,1,0,0,0,1,0,0,0,0,0,0,0,1,0,0,0,0,0,0,0,0,0,0,0,0,0,0,0,0,0,0,0,0,0,0,0,0,0,0,0,0,0,0,0,0,0,0,0,0,0,0,0,0,0,0,0,0,0,0,0,0,0,0,0,0,0,0,0,0,0,0,0,0,0,0,0,0,0,0,0,0,0,0,0,0,0,0,0,0,0,0,0,0,0,0,1,1,1,1,0,9,0,0,0,1,1,0,5,0,0,1,1,1,0,4,39,2,34,58,71,78,97,78,80,4,10,1,3,57,22,42,97,5,13,19,0,0,0,0,0,10,54,17,0,0,46,67,44,36,7,48,19,75,70,27,63,74,109,96,72,66,20,16,8,44,65,57,103,101,63,73,54,2,18,0,10,18,31,53,0,1,0,0,10,12,28,38,77,94,67,67,8,42,15,58,88,81,70,58,33,0,3,3,3,0,35,83,94,68,91,56,70,71,17,20,20,43,0,51,12,19,81,91,84,16,63,11,54,54,4,3,19,57,32,62,80,90,73,69,96,35,58,58,65,32,0,0,22,16,0,0,0,0,0,0,0,0,0,7,0,0,75,81,82,21,3,0,0,3,52,32,47,75,75,75,63,41,16,45,25,34,95,81,75,94,82,82,79,53,88,88,85,57,44,16,44,63,66,58,66,65,69,86,93,76,84,108,93,59,16,7,0,0,0,0,0,0,0,0,0,0,10,0,52,61,67,79,64,73,88,65,65,2,49,70,46,77,67,23,47,90,61,70,67,80,81,3,59,6,56,85,57,61,66,49,33,33,43,39,79,67,61,62,5,23,70,22,52,43,50,71,29,6,13,24,15,15,39,53,37,71,71,7,0,7,8,45,22,31,27,29,17,28,52,0,0
H3K18ac,12,7,30,7,1,0,0,2,14,12,28,19,5,18,13,49,62,29,25,20,8,26,42,23,19,26,19,28,18,34,3,3,0,0,0,0,0,0,1,2,7,4,0,0,0,0,0,0,0,0,14,44,16,11,8,5,19,17,6,1,15,25,14,18,44,71,63,61,15,7,4,1,4,39,28,28,24,13,1,8,3,23,38,37,8,12,55,43,51,0,6,5,4,0,0,0,0,0,0,0,0,0,10,1,19,15,0,7,58,6,5,0,0,0,0,0,0,0,0,0,0,0,0,0,1,0,0,0,0,17,15,2,40,30,21,25,21,8,7,3,11,24,36,29,44,15,25,2,12,16,9,39,26,14,3,0,0,0,0,0,0,0,0,1,1,0,0,2,0,1,0,0,0,3,0,0,0,0,0,0,0,1,0,0,0,0,0,0,0,0,0,0,0,0,0,0,0,0,0,0,0,0,0,0,0,0,0,0,0,0,0,0,0,0,0,0,0,0,0,0,0,0,0,0,0,0,0,0,0,0,0,0,0,0,0,0,0,0,0,0,0,0,0,0,0,0,0,0,0,0,0,0,0,0,0,0,0,0,0,0,0,0,0,0,6,1,1,0,1,8,0,0,0,3,1,0,13,0,0,2,0,1,2,6,31,1,21,23,16,28,55,55,64,1,10,0,1,34,11,12,55,2,5,9,0,0,0,0,0,6,21,7,0,2,28,51,21,24,10,16,13,39,36,18,23,43,53,41,29,33,11,12,7,21,29,17,68,60,22,34,29,4,9,0,3,4,24,45,1,6,0,0,2,5,6,18,49,69,53,46,14,21,11,25,43,55,35,33,26,2,4,2,2,0,19,45,65,30,44,45,39,38,10,18,11,14,1,20,5,8,47,62,46,12,35,11,25,29,4,4,8,23,15,32,42,71,44,49,38,5,14,29,19,19,0,0,11,8,0,0,0,0,0,0,0,0,0,2,2,0,51,60,33,5,3,0,0,6,23,11,30,33,45,38,38,20,5,19,14,13,61,60,27,57,54,47,28,20,55,32,33,29,27,14,22,38,27,24,31,33,27,58,58,47,40,57,36,27,12,9,0,0,0,0,0,0,0,0,0,1,8,0,20,24,38,22,38,30,47,23,30,4,27,37,6,11,16,14,32,48,40,26,29,44,27,0,20,2,25,52,20,27,31,28,14,15,19,20,40,42,32,42,3,13,38,15,24,19,29,30,14,3,5,12,11,9,16,18,28,41,40,9,0,3,2,27,11,19,18,20,13,16,21,0,1
H3K23ac,15,8,45,24,1,0,0,2,58,23,54,44,16,36,36,85,78,59,54,69,27,50,80,78,21,57,53,69,35,33,1,1,0,0,0,2,0,0,0,0,3,1,0,0,0,0,0,0,0,0,20,66,50,25,1,5,11,28,17,5,28,70,44,49,79,81,99,89,47,35,25,3,20,61,63,51,62,61,5,20,21,66,89,76,26,49,78,61,79,6,7,7,0,0,0,1,0,0,0,0,0,0,10,0,18,14,0,31,69,21,14,0,0,0,0,0,0,0,0,0,0,0,0,0,0,0,0,0,0,36,30,15,87,77,59,97,71,60,71,32,47,74,75,89,88,91,78,17,75,73,64,71,68,54,12,0,0,0,0,0,0,0,0,0,0,0,0,1,0,1,0,0,0,1,0,0,0,0,0,0,0,1,0,0,0,0,0,0,0,0,0,0,0,0,0,0,0,0,0,0,0,0,0,0,0,0,0,0,0,0,0,0,0,0,0,0,0,0,0,0,0,0,0,0,0,0,0,0,0,0,0,0,0,0,0,0,0,0,0,0,0,0,0,0,0,0,0,0,0,0,0,0,0,0,0,0,0,0,0,0,0,0,0,0,2,5,5,1,0,4,0,0,0,1,0,0,9,0,0,2,1,1,1,5,40,23,52,69,66,71,92,78,88,8,19,1,10,61,39,39,89,11,20,18,0,0,0,0,2,13,57,9,0,1,41,67,44,34,13,54,16,81,62,51,48,82,81,81,62,60,28,15,5,26,39,33,85,84,36,49,22,2,19,0,14,41,38,59,2,0,0,0,5,7,46,45,55,75,58,57,10,35,20,54,77,62,77,60,53,0,1,2,2,4,43,87,79,54,88,60,73,74,42,24,23,47,7,53,19,50,86,84,81,30,54,29,66,72,7,10,33,75,85,82,79,108,75,80,86,50,63,76,79,34,0,0,26,26,0,0,0,0,0,0,0,0,0,8,0,1,88,75,77,30,3,0,0,5,39,29,52,69,56,62,53,25,43,75,53,52,90,71,60,77,77,73,81,58,82,87,83,69,59,29,84,76,73,65,76,78,75,90,69,77,78,83,72,62,17,4,2,0,0,0,1,0,0,0,0,1,11,0,50,67,90,83,74,82,82,91,68,21,72,87,65,58,68,56,69,85,86,76,66,86,98,24,70,32,69,85,77,73,82,60,50,57,60,53,76,75,70,87,19,47,93,59,62,53,64,89,72,47,53,50,47,35,44,62,51,71,73,12,1,13,13,56,34,41,49,51,49,41,69,0,0
H3K27ac,18,8,26,10,2,0,0,1,23,7,22,17,2,9,8,23,39,11,24,24,8,13,48,26,11,34,16,14,13,39,4,3,0,3,1,3,0,0,1,0,3,2,0,0,0,0,0,0,0,0,6,39,16,7,4,4,10,14,4,1,10,34,11,7,51,56,53,39,6,6,1,0,2,12,14,14,36,12,0,4,1,8,20,11,7,9,43,28,28,0,2,0,0,0,0,0,0,0,0,0,0,0,2,0,9,9,0,16,47,4,6,0,0,0,0,0,0,0,0,0,0,0,0,0,0,1,0,0,0,21,16,2,48,49,15,63,43,11,13,2,14,13,34,29,50,32,24,0,13,24,12,39,11,8,5,0,0,1,0,0,0,0,2,1,1,0,0,3,0,1,0,0,0,3,1,0,0,2,2,0,0,3,0,0,2,0,0,3,0,0,0,0,0,0,0,0,0,0,0,0,0,0,0,0,0,0,0,0,0,0,0,0,0,0,0,0,0,0,0,0,0,0,0,0,0,0,0,0,0,0,0,0,0,0,0,0,0,0,0,0,0,0,0,0,0,0,0,0,0,0,0,0,0,0,0,0,0,0,0,0,0,0,0,1,7,2,1,0,0,6,0,1,0,5,1,0,9,0,1,1,1,1,2,4,20,1,19,13,6,16,23,43,44,0,6,0,1,27,8,12,40,0,3,8,0,0,0,0,0,3,18,6,0,2,14,27,17,14,4,14,9,30,19,20,10,8,14,10,12,23,4,4,2,6,6,7,25,44,8,15,16,3,8,0,4,15,25,27,2,2,0,1,7,5,16,20,44,42,34,31,13,18,8,8,49,44,31,38,29,3,5,2,3,0,13,40,35,27,53,44,41,43,14,16,10,36,1,21,7,6,47,47,29,9,35,15,24,30,3,3,8,29,11,35,27,38,42,50,27,4,7,14,19,5,0,0,6,6,0,0,0,0,0,0,0,0,0,3,0,0,53,32,23,10,2,0,0,4,19,7,32,25,28,31,23,15,7,26,14,5,41,51,18,40,59,23,19,19,42,27,21,14,13,12,21,38,24,30,35,18,22,57,31,37,36,50,35,17,1,4,0,0,0,0,0,0,0,0,0,1,8,0,25,30,39,22,33,30,35,12,37,2,33,40,8,5,7,10,31,26,42,37,39,37,14,2,18,3,26,45,17,31,53,39,40,46,38,29,44,50,32,51,0,15,54,18,26,39,26,18,25,6,8,17,23,17,38,46,34,56,47,13,0,4,5,44,15,44,34,38,34,22,52,1,1
H3K27me3,26,72,38,57,14,2,0,19,10,57,23,28,34,0,46,13,0,53,46,33,24,28,0,21,58,41,41,1,17,53,19,4,0,0,2,2,0,0,0,3,6,1,2,0,0,0,0,0,0,0,25,24,26,60,41,60,78,46,39,35,36,16,25,10,35,37,0,4,18,0,53,50,62,29,21,48,23,19,47,39,57,25,11,0,56,44,10,15,26,27,14,6,1,0,0,4,0,0,0,0,0,0,10,2,11,4,11,15,4,70,29,0,0,0,0,0,1,0,0,0,0,0,0,0,0,0,0,0,0,16,48,57,14,19,33,10,16,15,20,42,12,22,17,32,11,13,22,19,12,9,14,1,27,26,69,4,1,0,0,0,0,0,1,0,0,0,0,2,0,2,0,0,0,0,1,0,0,1,0,0,0,5,0,2,0,0,0,0,3,0,0,0,0,0,0,0,0,0,0,0,0,0,0,0,0,0,0,0,0,0,0,0,0,0,0,0,0,0,0,0,0,0,0,0,0,0,0,0,0,0,0,0,0,0,0,0,0,0,0,0,0,0,0,0,0,0,0,0,0,0,0,0,0,0,0,0,0,0,0,0,0,0,2,0,0,12,12,0,0,4,0,0,0,6,0,2,7,1,0,8,4,2,0,11,47,79,48,32,36,25,28,2,33,64,71,20,49,28,23,63,18,74,60,17,0,0,0,0,13,72,20,21,1,19,19,50,40,50,68,15,60,18,22,41,58,10,4,26,35,35,69,36,21,15,32,52,29,20,35,19,40,25,49,11,22,11,41,38,7,12,0,0,6,21,27,37,53,54,53,56,74,47,68,68,11,41,25,36,50,38,29,53,28,45,52,10,6,47,53,18,3,12,27,37,47,14,35,24,19,67,16,2,29,37,21,22,32,19,6,54,19,32,36,20,36,52,46,31,61,59,20,0,4,16,0,4,33,14,0,0,0,0,0,0,0,0,0,5,1,9,1,30,12,11,12,1,0,24,36,52,39,60,66,47,50,61,34,13,53,43,5,13,27,5,2,9,12,19,9,12,7,29,25,16,22,35,21,6,27,31,41,15,45,25,18,18,30,37,59,7,3,1,0,0,0,0,0,0,1,0,19,25,34,7,20,1,8,44,42,28,21,54,20,21,33,19,11,26,2,36,15,1,19,9,5,26,20,14,37,39,29,8,8,28,17,0,5,17,46,26,12,21,4,21,11,20,28,8,14,7,15,10,12,17,36,20,25,19,22,34,9,39,32,57,34,8,11,10,26,18,24,31,0,7,9
H3K36me3,24,7,14,21,5,0,2,0,53,18,55,17,11,50,12,59,85,17,38,44,50,29,65,62,7,27,20,65,70,16,1,3,1,3,1,2,1,0,2,1,1,0,1,1,0,3,4,1,1,1,3,23,44,8,4,4,10,21,27,1,25,43,20,14,29,56,83,52,35,84,6,2,1,5,13,22,27,50,0,0,1,40,45,73,8,25,24,42,18,2,3,0,0,0,1,1,2,0,3,0,0,0,3,2,2,0,0,41,61,4,12,0,0,0,0,0,1,2,1,0,1,1,1,1,0,0,0,3,2,13,24,13,32,31,41,61,45,48,37,7,41,41,43,26,21,62,49,23,61,41,29,46,28,10,3,1,3,0,0,0,0,0,1,6,0,0,0,0,0,0,0,0,0,1,0,0,1,0,0,2,0,0,0,0,0,0,0,0,0,0,0,0,0,0,0,0,0,0,0,0,0,0,0,0,0,0,0,0,0,0,0,0,0,0,0,0,0,0,0,0,0,0,0,0,0,0,0,0,0,0,0,0,0,0,0,0,0,0,0,0,0,0,0,0,0,0,0,0,0,0,0,0,0,0,0,0,0,0,0,0,0,0,0,0,0,8,1,5,0,7,0,0,0,6,3,1,17,1,0,5,2,1,1,6,30,6,22,29,28,29,12,44,25,3,2,1,1,34,30,10,7,3,1,3,0,1,1,1,1,4,48,11,0,0,67,36,29,24,14,72,13,49,49,23,2,7,20,10,25,35,1,4,2,6,4,16,21,19,13,16,12,4,6,2,7,30,30,12,3,3,0,2,17,34,30,24,12,16,21,13,31,34,12,16,58,24,36,43,33,3,5,1,0,0,10,35,51,32,69,38,29,23,34,25,20,37,10,39,34,14,71,53,32,29,69,46,50,41,60,7,50,45,32,43,56,67,41,38,13,8,50,76,59,36,1,2,20,11,0,1,1,1,1,0,1,1,1,14,0,2,27,7,59,64,4,2,2,6,27,17,18,14,16,6,10,7,24,33,43,20,60,49,26,41,45,27,29,49,52,66,50,36,39,30,36,37,45,36,46,32,23,8,19,16,29,18,24,34,0,3,3,3,2,0,0,0,3,1,2,1,1,1,43,52,36,48,23,61,46,51,34,13,41,52,45,85,51,39,29,36,33,65,39,90,66,23,60,45,43,42,50,44,35,41,23,33,36,21,29,40,31,43,15,48,47,42,29,33,58,66,32,22,37,33,35,44,49,47,32,33,17,15,15,22,14,41,34,23,36,25,50,59,34,7,4
H3K4ac,13,3,33,10,0,0,0,0,24,7,23,23,2,9,11,51,78,31,18,36,5,34,58,29,7,25,19,31,21,29,0,3,0,0,0,0,0,0,0,0,5,1,0,0,0,0,0,0,0,0,19,57,20,13,2,5,7,20,5,1,13,32,19,26,56,78,85,72,17,7,6,0,5,52,45,19,37,11,1,9,3,21,54,44,18,11,69,39,66,0,2,10,1,0,0,0,0,0,0,0,0,0,9,0,17,16,0,9,70,7,8,0,0,0,0,0,0,0,0,0,0,0,0,0,0,0,0,0,0,25,15,6,57,56,23,36,45,16,8,3,17,35,39,32,63,33,27,0,16,30,13,34,21,12,4,0,0,0,0,0,0,0,0,1,1,0,0,1,0,2,0,0,0,2,0,0,0,1,0,0,0,2,0,0,0,0,0,0,0,0,0,0,0,0,0,0,0,0,0,0,0,0,0,0,0,0,0,0,0,0,0,0,0,0,0,0,0,0,0,0,0,0,0,0,0,0,0,0,0,0,0,0,0,0,0,0,0,0,0,0,0,0,0,0,0,0,0,0,0,0,0,0,0,0,0,0,0,0,0,0,0,0,0,0,3,2,1,0,1,7,0,1,0,2,1,0,8,0,1,0,1,1,2,5,37,1,29,43,30,42,69,49,61,0,9,0,1,37,13,17,80,0,5,14,0,0,0,0,0,5,26,10,0,2,20,55,24,19,3,24,8,49,40,12,32,68,87,56,37,46,8,10,3,24,23,26,74,85,25,33,19,5,13,0,6,8,28,44,2,2,0,1,2,3,7,20,56,59,33,52,9,27,13,41,80,56,53,37,37,1,5,2,3,0,24,50,69,39,70,52,54,53,13,18,9,23,1,33,7,12,71,81,71,13,47,4,42,41,7,2,13,30,15,54,51,83,50,47,60,13,17,30,38,17,0,0,11,13,0,0,0,0,0,0,0,0,0,5,0,0,54,57,38,5,4,0,0,4,31,17,28,55,45,44,35,30,5,34,11,12,68,70,24,82,81,59,31,30,61,51,36,22,26,16,33,51,34,39,54,48,32,67,57,50,63,76,46,28,14,7,1,0,0,0,0,0,0,0,0,0,9,0,36,47,55,33,43,59,77,48,47,6,37,58,9,13,15,20,37,63,62,56,52,63,29,0,28,3,32,65,32,51,59,48,30,33,36,40,52,56,45,58,3,13,55,27,36,30,41,39,18,7,9,17,17,15,32,35,27,58,59,3,1,6,6,39,20,21,25,25,30,25,45,0,0
H3K4me1,22,10,38,22,11,0,0,3,52,29,42,30,12,27,24,47,57,36,42,41,17,36,56,49,32,42,41,58,39,38,3,5,0,4,7,4,0,0,1,0,7,2,2,0,0,0,0,0,0,0,15,45,36,22,13,14,29,30,14,5,26,57,24,23,43,64,62,59,29,31,11,4,7,45,36,35,44,38,2,9,4,37,60,36,10,26,56,45,55,2,9,6,4,0,0,5,0,0,1,0,0,0,11,0,17,13,2,23,48,16,8,0,0,0,0,0,2,0,0,0,0,0,0,0,4,0,2,0,0,18,35,14,44,52,43,53,59,34,42,8,31,36,44,43,55,59,47,19,40,50,29,39,31,25,9,0,0,0,0,0,0,0,0,1,1,0,0,2,1,0,0,0,1,9,0,1,2,1,0,0,0,6,1,0,0,0,0,2,1,0,0,0,0,0,0,0,0,0,0,0,0,0,0,0,0,0,0,0,0,0,0,0,0,0,0,0,0,0,0,0,0,0,0,0,0,0,0,0,0,0,0,0,0,0,0,0,0,0,0,0,0,0,0,0,0,0,0,0,0,0,0,0,0,0,0,0,0,0,0,0,0,0,0,1,3,4,3,0,0,11,0,0,0,2,0,1,14,1,0,7,1,1,3,6,34,8,28,39,41,41,51,53,51,5,16,1,5,43,35,18,43,3,15,14,0,0,0,0,2,15,38,17,0,4,41,42,45,40,20,31,25,57,49,29,25,38,52,43,38,43,16,11,7,25,31,22,53,47,34,32,30,8,22,7,15,30,30,53,2,7,0,1,8,15,33,40,54,45,49,51,26,41,22,39,57,48,51,51,41,7,10,8,6,2,29,54,64,39,48,39,47,53,18,40,28,31,15,35,19,32,54,54,52,24,45,33,38,46,11,13,23,55,42,43,51,70,55,53,50,10,40,46,45,21,0,1,23,12,1,0,0,0,0,0,0,0,0,7,0,0,52,52,48,19,4,0,0,5,35,14,45,48,48,39,39,26,22,42,42,20,51,41,39,53,55,37,42,45,49,54,55,48,34,26,49,51,43,39,55,47,38,62,41,49,39,57,49,44,13,12,3,1,0,0,1,0,0,1,1,1,11,1,34,53,50,31,39,56,48,59,48,8,54,54,35,30,35,33,41,60,54,50,52,58,60,17,43,31,55,55,43,50,52,54,45,38,40,46,54,54,48,56,17,39,60,42,45,38,43,51,47,27,29,30,34,40,41,38,35,46,43,19,1,24,20,57,35,48,55,58,54,59,49,2,1
H3K4me2,14,7,24,19,10,0,0,3,23,15,19,16,5,15,8,25,39,23,26,27,7,16,36,19,22,23,14,22,12,18,3,3,0,1,2,3,0,0,0,1,4,4,1,0,0,0,0,0,0,1,7,26,12,8,12,4,17,20,5,6,16,22,12,9,28,27,51,29,9,10,9,2,5,30,17,14,22,15,2,11,7,15,31,17,8,19,43,29,33,1,5,5,3,0,0,3,0,0,0,0,0,1,8,0,13,9,4,9,26,8,9,0,0,0,0,0,1,0,0,0,0,0,0,0,2,2,0,0,0,18,21,9,29,26,26,28,19,18,19,6,17,22,27,32,37,30,27,8,26,21,11,32,22,17,6,0,0,1,0,0,0,0,1,1,1,0,0,2,0,1,0,0,1,1,1,0,1,2,0,0,0,6,1,0,1,0,0,2,1,0,0,0,0,0,0,0,0,0,0,0,0,0,0,0,0,0,0,0,0,0,0,0,0,0,0,0,0,0,0,0,0,0,0,0,0,0,0,0,0,0,0,0,0,0,0,0,0,0,0,0,0,0,0,0,0,0,0,0,0,0,0,0,0,0,0,0,0,0,0,0,0,0,0,2,4,3,3,0,0,6,0,3,0,6,1,1,7,1,0,6,2,2,1,4,19,2,19,23,15,25,35,23,40,2,12,2,3,21,17,14,30,4,7,7,0,0,0,0,1,10,18,6,0,2,17,25,23,27,12,16,14,25,25,19,15,21,21,22,19,27,9,6,7,9,12,12,27,34,14,15,16,2,7,1,8,15,19,33,1,6,0,1,6,5,13,15,29,30,27,35,14,22,8,15,25,30,17,26,29,5,4,7,7,1,16,31,39,23,37,23,24,27,15,25,18,14,10,17,7,18,47,34,31,11,29,18,18,29,4,3,8,22,19,32,27,36,35,41,28,7,13,23,22,12,0,1,11,12,1,0,0,0,0,0,0,0,0,6,0,1,33,26,27,6,4,0,0,3,24,10,31,24,19,20,17,7,8,24,18,11,36,43,16,32,46,31,19,19,27,36,21,29,21,15,19,32,31,23,25,22,16,41,20,31,23,34,22,21,11,8,2,1,0,0,0,0,0,0,0,1,9,0,20,26,26,16,27,31,32,25,23,5,19,27,16,15,12,27,38,34,30,23,19,42,39,9,24,12,19,33,16,29,36,28,19,14,22,21,33,38,24,35,7,11,35,19,19,18,34,26,19,12,15,20,16,17,18,19,25,36,22,11,0,9,4,34,18,19,25,24,28,23,25,2,1
H3K4me3,10,1,12,7,8,0,0,2,4,1,6,5,1,2,5,6,9,7,4,4,1,4,4,5,9,3,9,5,3,1,1,2,0,0,1,1,0,0,0,0,1,1,1,0,0,0,0,0,0,0,2,6,3,3,2,1,5,6,1,3,2,7,6,0,3,2,12,9,3,1,2,0,2,6,1,3,10,7,2,2,3,2,11,4,4,7,14,17,6,1,0,1,0,0,0,3,0,0,0,0,0,1,3,0,2,2,3,5,4,3,5,1,0,0,0,0,1,0,0,0,0,0,0,0,0,1,0,0,0,7,7,2,12,9,8,5,6,6,14,4,11,5,23,17,10,10,6,7,9,10,5,8,7,11,4,0,0,1,0,0,1,0,1,1,0,0,0,2,0,2,0,0,1,0,2,0,2,3,0,0,0,5,2,0,2,0,0,1,0,0,0,0,0,0,0,0,0,0,0,0,0,0,0,0,0,0,0,0,0,0,0,0,0,0,0,0,0,0,0,0,0,0,0,0,0,0,0,0,0,0,0,0,0,0,0,0,0,0,0,0,0,0,0,0,0,0,0,0,0,0,0,0,0,0,0,0,0,0,0,0,0,0,0,0,0,2,3,1,0,2,0,3,0,5,1,1,4,1,1,3,1,2,1,2,4,3,2,8,3,4,2,3,7,1,1,1,2,9,3,5,5,1,3,2,0,0,0,0,1,3,4,1,0,0,5,6,8,3,6,2,2,3,9,5,2,3,1,1,5,4,1,0,0,0,0,0,6,5,0,1,3,0,1,1,4,2,6,6,0,3,0,1,2,3,5,4,8,4,5,6,4,3,8,3,8,7,6,13,5,3,2,2,0,1,2,11,5,8,10,7,4,6,10,9,5,6,6,9,5,5,9,11,15,4,5,8,7,9,4,3,5,5,8,12,4,8,7,4,4,1,5,4,5,2,1,1,4,5,1,0,0,0,0,0,0,0,0,2,0,0,8,3,8,6,0,0,0,2,5,1,8,7,0,5,5,0,1,7,6,3,9,6,3,5,5,4,3,7,8,4,7,2,3,9,13,8,7,5,3,6,1,5,2,4,2,4,0,1,1,0,2,1,1,0,0,0,0,0,1,1,1,0,3,7,12,8,8,11,3,8,7,1,9,3,5,4,4,12,13,7,9,7,6,6,8,1,6,9,5,5,9,16,22,13,13,12,14,14,12,18,15,8,3,5,18,10,7,14,8,2,17,7,6,9,9,13,9,12,11,7,6,4,1,6,5,14,15,13,22,27,29,18,6,1,1
H3K56ac,31,77,81,90,57,68,73,67,92,70,79,77,74,74,79,91,82,66,77,73,72,86,79,76,88,67,84,75,87,77,66,69,69,68,63,63,46,46,52,46,62,56,39,38,52,43,48,27,37,52,77,89,87,79,73,67,88,68,66,68,79,85,77,73,75,82,85,76,75,64,72,66,83,87,63,78,89,83,76,65,77,84,66,90,58,70,86,88,79,66,71,59,47,57,55,50,40,60,37,40,42,53,62,70,75,55,78,76,86,89,82,58,56,57,47,44,38,48,38,43,37,42,37,41,49,45,59,42,47,73,74,73,68,74,74,80,83,76,68,70,75,84,86,71,86,93,79,77,80,78,83,91,74,61,74,7,10,0,0,0,0,2,5,4,2,0,1,4,1,1,1,1,0,5,5,3,9,3,1,13,0,3,0,0,1,0,0,0,2,0,0,0,0,0,0,0,0,0,0,0,0,0,0,0,0,0,0,0,0,0,0,0,0,0,0,0,0,0,0,0,0,0,0,0,0,0,0,0,0,0,0,0,0,0,0,0,0,0,0,0,0,0,0,0,0,0,0,0,0,0,0,0,0,0,0,0,0,0,0,0,0,0,0,2,5,13,13,30,1,15,0,1,3,25,7,4,18,6,0,29,7,4,5,11,87,75,76,87,74,81,89,82,88,64,71,67,74,91,73,78,85,77,71,63,53,51,44,44,60,86,82,48,65,62,96,91,78,81,81,73,70,84,79,75,73,88,91,88,85,85,82,76,73,76,78,68,83,80,79,86,74,79,70,64,78,60,77,81,76,70,66,59,74,61,80,80,73,77,78,71,90,83,56,79,85,68,68,69,72,48,31,60,70,77,74,85,91,84,96,77,93,84,72,67,87,71,64,74,50,77,85,82,93,79,80,68,80,88,52,46,87,80,73,82,74,88,78,92,93,87,86,80,85,76,56,58,66,66,50,39,37,48,37,50,46,45,40,74,57,51,83,94,76,76,64,64,54,78,67,84,73,83,87,85,92,78,81,75,77,86,70,81,78,81,87,84,81,87,88,76,98,74,60,67,76,78,82,61,76,70,81,93,81,76,91,84,76,84,90,75,72,58,53,46,47,47,59,64,57,68,80,81,77,83,82,79,83,73,68,72,84,80,74,92,72,81,81,74,75,83,91,89,69,84,81,77,77,67,81,84,70,73,73,72,70,82,82,68,69,80,79,74,22,58,82,74,72,67,71,76,58,65,79,79,72,61,63,70,58,72,69,58,51,62,57,52,44,57,67,64,68,64,75,55,16
H3K79me1,5,1,20,8,0,0,0,0,58,1,45,30,0,68,19,73,51,16,30,43,44,48,83,63,4,23,16,107,37,4,0,3,0,0,0,0,0,0,0,0,0,0,0,0,0,0,0,0,0,0,0,25,55,10,0,0,0,1,32,0,32,49,7,1,30,37,70,23,53,46,2,0,0,16,38,12,49,63,0,0,0,77,80,102,4,24,62,51,28,0,0,0,0,0,0,0,0,0,0,0,0,0,6,0,1,5,0,60,58,0,5,0,0,0,0,0,0,0,0,0,0,0,0,0,0,0,0,0,0,50,20,12,48,62,26,51,37,49,23,1,64,47,33,41,63,48,39,0,57,61,29,62,9,8,0,0,0,0,0,0,0,0,0,1,0,0,0,1,0,0,0,0,0,0,0,0,0,0,0,0,0,2,0,0,0,0,0,0,0,0,0,0,0,0,0,0,0,0,0,0,0,0,0,0,0,0,0,0,0,0,0,0,0,0,0,0,0,0,0,0,0,0,0,0,0,0,0,0,0,0,0,0,0,0,0,0,0,0,0,0,0,0,0,0,0,0,0,0,0,0,0,0,0,0,0,0,0,0,0,0,0,0,0,0,0,6,0,0,0,4,0,0,0,3,1,0,11,0,0,3,0,2,0,1,6,3,25,46,78,47,40,79,36,0,1,1,0,52,34,12,46,0,3,15,0,0,0,0,0,0,30,8,0,0,23,4,24,3,1,80,1,81,32,32,3,9,18,12,7,27,0,1,0,1,1,2,31,14,0,3,0,0,3,0,5,28,26,10,1,0,0,0,4,18,63,43,3,4,3,8,0,8,3,2,60,9,56,37,30,0,0,0,0,0,2,60,73,10,90,48,73,56,14,11,11,41,0,65,60,4,100,82,47,10,62,11,57,63,33,12,18,54,14,58,90,63,56,48,12,1,58,113,65,52,0,0,20,17,0,0,0,0,0,0,0,0,0,7,0,0,53,16,65,49,0,0,0,0,41,11,29,6,1,3,4,1,45,31,6,6,63,40,20,57,60,21,56,69,68,92,65,65,45,38,40,29,12,56,52,32,0,45,2,27,21,33,82,25,1,1,0,0,0,0,0,0,0,0,0,0,0,0,48,84,58,51,38,54,66,49,45,0,61,65,18,76,98,4,17,37,67,78,67,44,98,1,45,0,31,30,51,67,60,39,64,82,67,58,21,55,71,59,2,9,40,13,55,47,23,41,33,34,19,33,21,13,43,32,13,32,29,0,0,7,17,30,26,50,28,45,37,31,45,0,0
H3K79me2,5,3,24,10,0,0,0,1,51,1,31,41,2,20,15,90,98,20,25,48,23,42,87,46,9,26,22,86,19,2,0,2,0,0,1,1,0,0,0,1,1,0,1,0,0,0,0,0,1,0,1,27,24,16,0,0,3,2,11,0,23,52,12,6,23,56,122,49,48,18,1,0,3,11,19,9,39,32,2,1,3,63,88,45,7,16,43,34,22,0,0,0,1,1,0,0,1,0,1,0,0,0,4,0,1,1,0,24,44,0,3,0,0,0,0,1,0,1,1,0,1,0,0,0,0,0,0,0,0,38,23,7,49,60,12,50,55,48,22,5,50,27,36,32,74,75,45,2,69,57,28,75,14,9,5,0,0,0,0,0,0,0,0,2,0,0,0,0,0,1,0,0,0,0,0,0,0,0,0,1,0,1,0,0,0,0,0,0,0,0,0,0,0,0,0,0,0,0,0,0,0,0,0,0,0,0,0,0,0,0,0,0,0,0,0,0,0,0,0,0,0,0,0,0,0,0,0,0,0,0,0,0,0,0,0,0,0,0,0,0,0,0,0,0,0,0,0,0,0,0,0,0,0,0,0,0,0,0,0,0,0,0,0,0,0,4,1,0,0,4,0,0,0,4,1,0,11,0,0,2,0,1,1,1,11,4,23,42,52,41,37,75,36,0,2,0,1,56,36,14,34,0,3,9,0,0,0,2,0,2,38,8,0,0,31,12,25,7,4,36,3,66,61,23,6,14,20,17,25,52,3,1,0,5,6,7,31,30,5,5,5,0,2,1,6,21,20,8,1,0,0,1,4,11,34,25,7,9,8,16,2,9,6,9,56,18,56,39,40,0,1,0,1,0,15,72,74,15,95,64,70,57,22,11,4,53,1,53,44,10,120,61,55,15,49,11,52,65,29,12,22,48,11,54,55,67,49,54,17,2,38,83,73,38,0,0,17,9,0,0,0,0,1,1,0,1,1,4,0,1,59,16,57,24,1,0,0,1,44,10,31,7,5,4,5,6,19,62,12,6,76,40,14,36,63,20,46,44,56,76,59,57,46,27,45,33,18,46,37,33,6,45,11,19,16,51,58,25,3,0,0,0,0,0,1,2,0,0,0,0,3,1,48,87,59,33,45,55,58,43,58,1,67,45,15,46,71,6,33,45,29,69,53,98,100,2,47,2,39,43,38,58,45,37,50,77,53,50,29,57,60,67,2,19,51,18,41,43,35,77,39,18,27,26,20,16,36,13,20,40,59,2,5,11,21,37,23,50,19,40,27,33,57,2,0
H3K9ac,21,38,57,46,15,9,2,7,33,21,34,33,22,22,21,38,52,36,43,46,14,20,49,35,50,40,58,55,40,46,28,20,5,15,18,20,5,2,1,11,13,4,2,5,3,4,3,2,2,4,23,46,34,20,27,20,34,32,21,25,33,43,39,16,44,56,61,43,27,22,27,21,13,26,19,17,66,54,15,14,16,18,32,25,22,34,35,36,35,12,6,6,5,3,5,6,3,2,3,2,0,2,11,4,19,15,10,35,53,34,24,7,7,5,4,2,3,1,3,3,3,4,2,2,6,9,2,4,2,36,43,36,65,76,46,54,65,54,56,28,38,40,58,54,60,59,51,39,30,56,50,57,46,53,18,1,1,1,0,0,1,0,2,1,1,1,0,3,0,2,0,0,2,5,0,1,3,1,0,2,1,8,0,0,5,0,0,3,0,0,0,0,0,0,0,0,0,0,0,0,0,0,0,0,0,0,0,0,0,0,0,0,0,0,0,0,0,0,0,0,0,0,0,0,0,0,0,0,0,0,0,0,0,0,0,0,0,0,0,0,0,0,0,0,0,0,0,0,0,0,0,0,0,0,0,0,0,0,0,0,0,0,1,2,4,3,5,0,0,8,0,2,0,7,2,1,10,0,0,2,2,2,2,7,35,34,40,46,35,24,33,37,58,16,26,12,10,34,37,36,64,24,29,22,7,4,1,3,8,27,54,13,5,12,40,49,47,41,30,34,28,40,31,33,29,28,24,17,24,25,20,17,15,13,13,8,28,45,18,27,32,20,29,15,31,25,42,51,15,15,10,7,22,27,37,49,50,48,47,52,52,61,29,33,44,48,37,53,66,28,21,33,17,24,42,45,52,42,66,53,60,58,36,66,49,56,34,37,29,40,58,68,62,45,37,36,49,57,16,18,32,50,40,73,47,66,68,64,44,22,33,33,39,22,2,4,28,22,8,2,1,2,1,1,3,5,3,15,2,6,70,51,41,35,11,7,8,14,22,26,47,53,36,41,39,30,36,46,52,27,59,69,29,36,61,37,27,39,53,46,36,32,41,28,73,55,40,63,73,56,32,67,43,45,37,46,42,39,21,24,10,7,1,3,9,5,3,2,5,10,18,22,53,47,65,45,55,74,55,59,52,17,51,58,48,24,35,45,64,48,70,62,63,51,31,49,65,55,61,64,63,68,72,76,77,75,84,84,64,62,71,75,16,67,68,74,70,75,61,41,51,47,50,62,46,87,78,71,45,72,65,46,20,32,41,71,54,76,86,79,68,69,61,16,4
H3K9me1,9,27,80,36,4,0,0,10,102,36,91,69,29,74,50,119,121,58,77,83,50,71,97,103,33,73,64,108,92,28,5,12,0,0,0,1,0,0,0,3,4,1,0,1,0,0,0,0,0,0,22,68,82,39,11,18,30,62,33,11,58,88,51,39,95,107,129,104,65,68,38,12,28,83,79,80,87,98,26,25,28,86,114,101,34,46,88,81,86,12,9,11,3,2,0,0,0,0,0,0,0,0,13,3,26,15,8,53,93,35,29,2,4,1,0,1,0,0,0,0,0,0,0,0,0,1,0,0,0,58,51,43,98,105,48,120,105,89,79,34,71,95,101,88,114,126,80,52,93,98,85,97,79,67,20,0,0,0,0,0,0,0,0,0,0,0,0,0,0,0,0,0,0,3,0,0,1,0,0,1,0,0,0,0,0,0,0,0,0,0,0,0,0,0,0,0,0,0,0,0,0,0,0,0,0,0,0,0,0,0,0,0,0,0,0,0,0,0,0,0,0,0,0,0,0,0,0,0,0,0,0,0,0,0,0,0,0,0,0,0,0,0,0,0,0,0,0,0,0,0,0,0,0,0,0,0,0,0,0,0,0,0,0,0,0,8,2,1,0,5,0,0,0,7,0,0,1,0,0,3,0,1,1,3,56,33,69,89,105,89,99,102,110,21,28,8,13,86,60,46,107,23,24,23,0,0,0,0,5,21,81,24,0,4,77,80,52,51,26,79,41,101,83,63,55,82,70,83,68,85,38,14,11,29,51,43,102,107,46,52,33,12,35,5,25,58,59,61,0,6,0,0,19,29,75,65,76,78,69,68,32,62,30,72,113,77,96,84,81,17,14,27,12,15,62,95,107,87,107,89,115,86,50,51,37,80,20,65,40,50,113,115,100,39,101,60,92,88,22,9,57,106,73,119,102,125,106,100,100,46,92,104,106,48,0,2,33,43,0,0,0,0,0,0,0,0,1,21,0,1,109,79,118,52,13,0,0,3,66,59,81,84,80,93,77,44,63,90,76,57,109,94,89,94,108,75,102,78,108,126,109,88,81,50,92,91,65,97,101,99,75,116,73,77,75,98,114,77,46,10,3,0,0,0,0,0,0,0,1,0,15,11,77,116,110,116,84,96,106,109,93,27,94,104,74,121,101,72,88,105,91,115,109,109,119,47,101,41,96,112,103,100,108,92,84,102,95,89,89,104,109,120,28,62,99,55,72,81,101,115,87,77,68,85,57,57,88,84,65,94,99,29,2,29,28,85,51,72,49,62,40,57,104,6,0
H3K9me3,17,42,38,54,66,62,56,75,21,69,38,43,56,17,43,27,28,41,31,38,52,51,43,25,57,36,43,23,38,67,98,75,89,100,97,98,99,107,105,86,68,95,95,92,90,86,96,99,96,86,18,43,23,35,71,65,46,59,31,44,29,39,26,42,57,45,13,32,51,23,41,31,20,33,36,57,23,29,34,51,45,29,24,23,27,47,36,47,28,29,67,67,77,91,56,88,89,102,93,112,98,106,61,91,42,63,54,21,49,29,42,83,92,109,108,96,100,103,91,99,105,98,97,111,110,107,105,91,92,33,47,35,20,24,56,21,11,29,62,70,34,38,25,32,23,25,42,89,42,28,51,13,47,69,56,23,26,0,0,0,2,7,3,6,0,0,0,0,0,6,0,0,1,24,37,9,49,18,6,53,4,11,3,1,4,3,0,2,17,1,0,0,0,0,0,0,0,0,0,0,0,0,0,0,0,0,0,0,0,0,0,0,0,0,0,0,0,0,0,0,0,0,0,0,0,0,0,0,0,0,0,0,0,0,0,0,0,0,0,0,0,0,0,0,0,0,0,0,0,0,0,0,0,0,0,0,0,0,0,0,0,0,1,0,1,32,11,25,2,20,6,2,10,76,11,2,11,8,7,38,7,1,6,2,27,23,29,38,43,38,35,36,27,17,28,19,24,27,36,34,22,12,8,51,96,98,99,90,43,34,29,59,82,76,35,57,45,44,62,24,64,43,29,48,67,49,47,42,37,52,71,68,67,57,47,58,43,26,50,54,53,80,76,107,69,12,52,51,62,88,44,46,45,18,29,50,50,55,62,60,83,59,57,70,49,48,56,50,56,34,38,58,62,30,50,59,39,64,49,55,19,26,71,64,56,40,80,50,17,57,29,12,47,88,49,76,44,31,25,40,52,33,56,13,36,46,44,48,57,70,33,33,34,42,86,97,50,44,87,96,89,91,101,112,87,91,109,38,88,67,6,40,18,33,79,78,81,77,40,71,48,53,60,65,48,64,40,41,55,75,15,21,45,46,46,49,41,41,39,34,30,30,48,31,39,24,63,41,16,42,74,37,47,40,40,41,26,46,71,92,77,72,69,76,70,74,79,60,45,58,81,89,39,20,16,12,44,31,31,36,35,76,27,20,48,30,44,65,35,34,15,27,20,15,16,88,42,87,49,38,18,8,18,21,13,13,16,16,45,28,16,15,30,57,26,54,33,18,34,22,54,78,69,35,60,58,39,33,33,38,19,78,17,48,71,26,41,18,35,36,23,41,41,34,38
H4K20me1,8,22,33,35,6,2,5,5,61,18,59,39,19,34,32,63,113,53,59,64,42,38,51,90,25,29,29,87,61,11,3,6,3,1,6,4,0,3,3,5,1,6,2,1,2,1,1,0,1,2,12,19,40,32,13,11,28,69,33,13,40,68,30,14,13,49,103,54,60,39,30,26,12,12,18,32,53,66,25,18,21,75,97,60,17,37,28,54,25,11,5,8,5,0,3,2,0,1,0,1,2,0,11,4,5,2,5,39,24,24,15,6,7,3,1,4,6,1,4,0,0,0,1,3,3,0,2,3,3,52,44,39,67,78,36,58,64,77,92,77,61,41,64,41,58,93,82,102,115,85,87,99,63,62,26,1,0,0,0,0,0,0,0,0,0,0,0,0,1,0,0,0,0,0,0,0,0,0,0,3,0,0,0,0,0,0,0,0,1,0,0,0,0,0,0,0,0,0,0,0,0,0,0,0,0,0,0,0,0,0,0,0,0,0,0,0,0,0,0,0,0,0,0,0,0,0,0,0,0,0,0,0,0,0,0,0,0,0,0,0,0,0,0,0,0,0,0,0,0,0,0,0,0,0,0,0,0,0,0,0,0,0,0,0,0,7,5,4,0,4,0,0,0,8,0,2,5,0,0,9,1,0,0,0,30,34,46,74,98,52,20,70,26,20,12,15,14,78,56,29,15,20,11,19,2,1,1,5,9,10,47,12,3,9,60,30,35,25,37,39,27,85,60,31,27,8,3,15,34,72,19,11,5,6,11,23,22,43,14,10,9,8,18,13,25,30,29,18,9,6,1,4,16,25,74,51,23,25,24,21,22,32,17,18,62,32,71,61,72,18,20,23,16,20,32,12,43,39,92,66,45,57,50,51,49,62,45,57,47,45,71,69,59,50,62,69,70,64,31,26,55,84,63,75,43,83,63,66,33,44,71,89,61,44,3,7,24,25,0,2,2,1,1,1,0,1,1,5,2,1,58,18,69,41,13,2,1,7,47,48,40,47,25,28,16,16,58,89,89,62,91,46,46,24,49,8,68,48,28,33,81,74,67,38,75,37,70,96,97,67,59,50,26,8,10,22,96,64,34,16,10,2,2,2,3,1,0,3,1,2,8,16,45,81,70,34,84,101,80,92,64,23,83,75,112,119,107,102,70,71,62,87,94,86,119,87,97,110,63,57,74,92,97,81,90,94,97,85,39,43,100,83,47,95,88,90,101,73,92,92,103,89,91,92,76,124,90,49,57,40,39,57,19,34,70,63,70,81,78,95,86,97,69,21,3
H4K5ac,13,8,36,9,0,0,0,2,34,16,44,23,3,16,15,54,74,27,32,28,8,21,73,42,18,45,20,40,22,42,3,2,0,1,0,0,0,0,0,1,7,3,0,0,0,0,0,0,0,0,11,54,23,10,8,6,16,14,3,1,16,52,17,18,44,76,84,81,20,7,2,0,3,41,28,27,39,14,1,5,3,24,49,43,8,26,53,49,60,0,4,4,1,0,0,0,0,0,0,0,0,0,6,0,16,21,0,18,66,7,4,0,0,0,0,0,0,0,0,0,0,0,0,0,0,1,1,0,0,32,23,9,58,54,30,54,37,12,12,1,16,30,48,25,56,47,43,0,21,30,15,42,25,11,2,0,0,0,0,0,0,0,0,1,1,0,0,2,0,1,0,0,0,3,0,0,0,0,0,0,0,3,0,0,1,0,0,2,0,0,0,0,0,0,0,0,0,0,0,0,0,0,0,0,0,0,0,0,0,0,0,0,0,0,0,0,0,0,0,0,0,0,0,0,0,0,0,0,0,0,0,0,0,0,0,0,0,0,0,0,0,0,0,0,0,0,0,0,0,0,0,0,0,0,0,0,0,0,0,0,0,0,0,0,7,2,1,0,0,6,0,1,0,2,1,0,11,0,0,4,1,1,1,4,30,3,25,34,16,41,52,57,61,0,12,0,1,43,20,15,59,2,4,11,0,0,0,0,0,5,30,9,0,2,27,46,23,22,6,32,9,53,33,23,18,36,57,39,33,35,8,8,5,18,20,18,67,70,22,30,26,2,7,1,3,11,23,44,1,3,0,1,5,3,19,27,52,57,52,48,14,25,13,26,67,62,42,44,35,2,2,2,3,0,18,44,71,30,51,47,54,40,14,26,14,27,2,34,8,12,56,77,63,14,50,15,36,46,3,2,6,41,16,46,40,74,54,56,42,5,16,37,40,16,0,0,12,9,0,0,0,0,0,0,0,0,0,4,2,0,63,53,42,9,2,0,0,4,33,11,33,31,42,37,29,22,14,46,15,9,73,73,32,74,73,48,42,25,53,45,50,33,19,21,30,38,33,25,32,31,21,68,58,53,41,58,51,29,10,9,0,0,0,0,0,0,0,0,0,1,11,0,34,36,56,22,39,36,56,21,46,3,46,55,11,6,17,14,42,55,51,54,43,67,47,0,26,1,37,59,27,43,55,35,30,53,30,35,46,48,34,52,2,16,58,18,36,42,35,35,27,3,9,15,18,11,27,36,29,57,70,6,0,6,5,37,14,28,29,31,29,23,52,0,1
H4K8ac,14,4,41,18,2,0,0,1,32,13,36,27,6,14,13,65,79,36,30,31,9,28,66,44,19,40,27,41,16,38,4,1,0,3,0,0,0,0,0,0,6,3,0,0,0,0,0,0,0,0,17,46,25,9,4,5,12,12,4,1,16,45,18,29,51,76,96,85,23,7,6,0,5,48,41,18,42,17,1,5,3,25,47,36,12,22,61,40,60,0,4,7,3,0,0,1,0,0,0,0,0,0,6,1,18,19,0,19,70,6,6,0,0,0,0,0,0,0,0,0,0,0,0,0,0,1,0,0,0,39,23,8,70,60,25,55,42,21,9,4,20,33,56,32,66,46,37,0,21,34,16,55,24,12,5,0,0,0,0,0,0,0,0,1,1,0,0,2,0,1,0,0,0,1,0,0,1,0,0,0,0,2,0,0,0,0,0,1,0,0,0,0,0,0,0,0,0,0,0,0,0,0,0,0,0,0,0,0,0,0,0,0,0,0,0,0,0,0,0,0,0,0,0,0,0,0,0,0,0,0,0,0,0,0,0,0,0,0,0,0,0,0,0,0,0,0,0,0,0,0,0,0,0,0,0,0,0,0,0,0,0,0,0,0,4,2,1,0,1,7,0,1,0,2,1,0,12,0,1,1,1,1,2,5,28,2,29,33,20,43,53,65,69,0,16,0,1,44,23,17,72,1,8,12,0,0,0,0,0,6,32,6,0,1,29,41,32,25,4,29,8,52,47,22,22,54,77,51,41,40,6,12,3,14,22,16,63,68,21,29,25,2,6,0,7,17,27,42,0,2,0,1,4,4,16,27,56,50,43,46,9,23,6,26,71,54,38,48,32,1,2,2,3,0,20,55,83,36,62,59,55,42,11,24,17,32,1,25,6,11,69,85,55,12,44,7,38,50,4,3,9,39,18,51,58,82,67,58,45,10,19,40,51,15,0,0,12,8,0,0,0,0,0,0,0,0,0,5,0,0,58,53,48,13,3,0,0,3,32,14,31,37,25,27,26,20,14,51,16,9,72,81,25,70,63,63,56,37,62,48,48,30,26,16,30,49,36,31,37,45,32,80,49,45,66,84,48,25,10,9,0,0,0,0,0,0,0,0,0,1,7,0,41,48,49,32,46,41,63,27,56,4,51,52,9,10,12,13,54,57,51,50,53,70,50,1,24,4,29,50,24,42,58,42,34,36,44,39,45,52,43,48,3,19,60,19,35,36,34,39,30,7,8,23,20,14,24,34,35,40,68,3,0,7,7,39,14,25,22,27,33,26,50,0,0
H4K91ac,19,18,44,14,1,0,0,2,47,20,57,35,8,17,21,72,79,54,33,51,11,43,62,44,23,37,35,55,46,54,4,5,1,2,2,2,0,0,1,1,14,4,3,0,0,1,1,0,1,0,27,69,31,21,10,8,21,30,11,2,17,48,33,33,66,91,87,84,33,13,10,2,13,47,47,28,44,24,2,8,3,40,50,52,19,21,75,53,66,0,8,16,2,0,0,1,0,0,0,0,0,0,14,2,30,27,0,14,75,11,7,0,2,1,1,0,0,0,0,1,0,2,1,0,1,3,0,0,0,29,29,12,61,79,28,50,48,23,16,5,25,50,51,36,71,56,32,2,16,45,22,40,41,22,10,0,0,0,0,0,0,0,0,2,1,1,0,2,0,1,0,0,0,4,0,0,0,3,0,0,0,2,0,0,0,0,0,1,0,0,0,0,0,0,0,0,0,0,0,0,0,0,0,0,0,0,0,0,0,0,0,0,0,0,0,0,0,0,0,0,0,0,0,0,0,0,0,0,0,0,0,0,0,0,0,0,0,0,0,0,0,0,0,0,0,0,0,0,0,0,0,0,0,0,0,0,0,0,0,0,0,0,0,0,13,2,1,3,0,8,0,0,0,2,1,0,8,0,1,2,2,1,1,5,46,2,40,47,51,57,68,75,67,1,25,2,5,62,25,18,82,1,9,15,0,0,1,0,1,13,50,15,0,3,55,77,49,44,11,43,17,65,46,20,39,71,87,77,44,57,13,17,10,23,29,39,83,99,39,56,46,6,19,2,10,13,24,54,2,7,1,1,3,13,21,25,68,72,63,73,12,33,22,67,83,81,75,52,45,3,5,5,5,0,31,47,76,49,82,63,70,73,24,30,17,41,5,42,12,25,67,86,79,18,64,17,56,73,6,5,22,55,39,60,66,83,53,57,73,17,31,53,61,23,0,1,20,17,1,0,1,0,1,0,0,0,0,7,0,1,67,64,55,13,10,0,1,11,44,24,38,74,68,54,52,29,16,50,26,21,87,67,45,82,78,71,52,41,81,67,47,42,47,22,49,53,43,49,74,66,52,72,77,61,57,91,58,46,19,15,2,0,0,0,0,0,1,1,0,0,6,4,50,67,64,47,53,83,84,55,48,21,51,78,25,19,21,23,53,86,66,63,70,62,41,2,44,6,56,62,39,67,62,72,50,47,59,57,61,53,76,62,4,28,65,38,57,45,47,57,25,10,13,26,26,32,45,53,52,71,73,10,1,9,16,59,22,43,36,53,38,35,71,1,3
LMNB1,14,43,57,93,39,14,9,14,51,23,23,25,25,30,25,25,18,27,45,51,38,29,49,60,28,62,96,70,36,16,13,16,12,9,16,10,5,5,11,11,9,9,9,15,6,13,9,4,7,15,7,14,23,26,26,11,30,32,32,31,46,68,50,13,38,31,46,64,41,28,30,16,14,27,20,30,126,76,18,16,16,25,40,23,22,21,18,29,26,8,10,14,10,7,9,13,3,5,11,4,7,8,14,10,10,8,9,55,48,31,20,9,6,5,7,9,7,8,11,7,13,9,11,8,13,8,4,7,7,36,38,45,78,95,21,123,146,80,63,31,61,43,111,68,76,88,103,118,67,94,80,114,81,61,49,4,1,0,0,0,0,0,0,1,0,0,0,0,0,0,0,0,0,3,0,0,4,0,0,8,0,0,0,0,0,0,0,0,6,0,0,0,0,0,0,0,0,0,0,0,0,0,0,0,0,0,0,0,0,0,0,0,0,0,0,0,0,0,0,0,0,0,0,0,0,0,0,0,0,0,0,0,0,0,0,0,0,0,0,0,0,0,0,0,0,0,0,0,0,0,0,0,0,0,0,0,0,0,0,0,0,0,0,0,0,10,9,5,0,6,0,1,0,13,2,2,0,0,0,11,0,1,1,1,37,39,73,73,40,31,26,45,49,15,22,12,17,53,69,62,58,10,16,18,8,10,4,14,10,32,72,22,14,20,23,39,75,38,59,52,58,43,56,63,39,14,9,20,19,32,19,16,7,14,16,19,35,94,40,18,13,10,20,26,47,44,69,50,38,24,29,20,47,49,97,58,55,31,29,45,78,77,61,80,95,34,60,69,156,100,36,73,34,42,64,49,60,47,113,81,80,98,93,166,123,141,132,63,53,111,56,91,70,95,59,110,112,112,38,53,90,74,61,130,66,62,62,45,34,22,34,38,63,37,11,11,20,17,3,4,10,11,10,13,15,10,10,10,17,21,74,58,57,47,27,13,13,18,21,26,79,83,41,20,15,30,61,84,97,35,35,73,39,20,28,39,58,71,84,65,74,63,55,41,85,87,49,102,111,67,27,26,14,19,17,21,39,22,26,22,36,12,8,10,10,6,9,18,20,13,17,39,67,74,87,36,72,98,77,70,48,20,78,53,123,58,49,92,135,69,105,120,116,54,50,122,92,152,94,59,91,158,132,109,127,139,141,132,102,123,110,137,38,105,110,91,95,124,107,54,116,128,116,109,110,126,152,122,86,74,188,141,177,139,142,114,95,112,85,76,89,101,147,147,22
MAFK,1,0,6,2,0,0,3,3,2,2,3,6,3,3,5,5,8,6,3,3,3,3,7,5,4,3,2,3,4,7,2,2,2,5,1,2,5,3,1,3,6,3,2,2,2,1,0,1,2,3,6,8,5,3,2,5,6,2,9,0,1,3,3,1,10,8,13,8,2,4,2,2,2,4,4,7,8,2,3,3,2,7,6,3,6,2,15,6,13,1,2,1,5,3,2,1,3,0,3,1,0,1,4,2,7,7,2,5,6,0,4,1,0,2,2,4,4,2,5,1,2,2,2,2,4,2,2,2,1,2,2,1,8,4,4,7,6,3,1,0,6,2,6,7,8,2,7,3,4,11,5,4,4,2,2,0,0,0,0,0,0,0,0,0,0,0,0,0,0,1,0,0,0,0,0,0,0,0,0,0,0,0,0,0,0,0,0,0,0,0,0,0,0,0,0,0,0,0,0,0,0,0,0,0,0,0,0,0,0,0,0,0,0,0,0,0,0,0,0,0,0,0,0,0,0,0,0,0,0,0,0,0,0,0,0,0,0,0,0,0,0,0,0,0,0,0,0,0,0,0,0,0,0,0,0,0,0,0,0,0,0,0,0,0,0,1,0,0,0,1,0,0,0,0,0,1,1,0,0,0,0,0,0,1,0,0,3,7,1,7,7,7,8,5,5,2,0,9,3,4,9,4,4,3,5,2,2,2,5,3,5,4,7,2,1,4,4,8,3,4,2,5,6,3,4,5,6,2,2,6,5,3,5,5,11,4,12,3,4,3,2,3,5,0,1,2,4,3,1,1,1,0,4,2,3,2,6,8,6,2,1,5,2,5,10,8,5,4,1,2,3,0,2,3,2,9,8,9,8,5,8,6,4,5,6,2,2,5,1,2,12,4,4,5,4,5,3,7,2,2,5,3,3,5,5,7,4,4,3,3,4,9,7,3,1,2,3,4,3,3,0,0,5,3,3,0,2,2,2,0,6,4,7,2,1,2,1,2,5,2,6,3,4,5,5,1,2,6,2,1,10,6,2,2,11,7,7,4,5,7,2,4,3,5,3,15,4,5,5,8,7,9,6,8,4,10,4,3,3,2,5,2,1,1,3,2,1,2,2,2,1,0,6,3,3,3,6,6,6,4,8,1,3,6,1,8,3,4,6,6,2,4,5,8,4,1,1,1,4,8,8,5,6,9,4,6,2,6,2,3,3,5,0,2,6,2,6,2,8,8,3,1,3,2,1,1,1,1,3,11,3,2,3,1,0,2,3,1,0,2,1,2,4,2,0
MAZ,1,0,2,0,1,0,0,1,2,0,1,2,0,0,1,1,0,1,3,2,0,0,1,3,3,0,1,2,0,0,0,0,0,0,0,0,0,0,0,0,0,0,1,0,0,0,0,0,0,0,0,0,0,1,0,0,0,2,1,0,1,2,0,0,3,3,1,4,0,0,0,0,0,0,0,0,5,2,0,1,0,1,3,0,1,1,1,3,2,0,0,0,0,0,0,0,0,0,0,0,0,0,1,0,1,0,0,2,0,0,1,0,0,0,0,0,0,0,0,0,0,0,0,0,0,0,0,0,0,2,1,0,9,8,5,1,4,5,12,3,6,4,12,4,6,3,1,2,3,4,2,6,4,1,1,0,0,0,0,0,0,0,0,0,0,0,0,0,0,0,0,0,0,0,0,0,0,0,0,0,0,0,0,0,0,0,0,0,0,0,0,0,0,0,0,0,0,0,0,0,0,0,0,0,0,0,0,0,0,0,0,0,0,0,0,0,0,0,0,0,0,0,0,0,0,0,0,0,0,0,0,0,0,0,0,0,0,0,0,0,0,0,0,0,0,0,0,0,0,0,0,0,0,0,0,0,0,0,0,0,0,0,0,0,0,1,0,0,0,1,0,0,0,0,1,0,1,0,0,0,0,0,0,0,1,1,2,2,1,2,0,2,4,0,0,0,1,1,1,1,2,0,0,0,0,0,0,0,0,1,3,0,0,0,1,2,1,1,1,1,0,0,1,3,1,0,0,1,2,0,0,0,0,0,0,0,1,1,0,0,0,0,1,0,0,1,2,2,0,1,0,0,1,3,2,2,1,1,1,1,0,2,1,1,3,1,0,3,7,0,0,0,1,0,0,4,3,2,4,6,0,4,2,6,3,2,3,1,1,2,1,4,2,5,1,2,2,3,1,1,3,2,3,3,3,3,8,6,1,0,2,1,2,0,0,0,2,0,0,0,0,0,0,0,0,0,0,1,0,0,7,2,2,0,0,0,0,0,2,1,2,2,1,0,0,1,1,2,3,1,4,3,1,1,0,1,1,3,2,2,3,1,2,2,5,6,0,6,10,4,1,1,2,0,0,2,3,2,0,0,0,0,0,0,0,0,0,0,0,1,0,0,2,1,5,4,5,12,4,5,4,0,3,0,6,0,1,1,7,0,11,4,4,1,1,0,0,3,4,7,1,16,16,7,11,8,8,13,10,14,10,8,2,8,7,6,6,7,3,2,8,3,3,9,7,6,11,8,8,16,5,0,0,3,2,8,10,11,15,15,16,12,3,1,0
MECP2,0,0,1,1,1,0,0,0,1,0,1,1,0,0,1,0,0,1,1,0,0,0,1,0,1,0,1,0,0,0,1,0,0,0,0,0,0,0,0,0,0,0,0,0,0,0,0,0,0,0,0,0,0,1,0,0,0,0,1,0,0,0,0,0,0,0,1,0,1,0,0,0,0,0,0,0,0,1,0,0,0,0,0,0,0,0,1,2,0,0,0,0,0,0,0,1,0,0,0,0,0,0,0,0,0,0,0,2,1,0,1,0,0,0,0,0,0,0,0,0,0,0,0,0,0,0,0,0,0,0,1,0,2,2,0,1,0,1,3,1,1,1,3,1,1,1,0,1,2,0,0,0,0,1,0,0,0,0,0,0,0,0,0,0,0,0,0,0,0,0,0,0,0,0,0,0,0,0,0,1,0,0,0,0,0,0,0,0,0,0,0,0,0,0,0,0,0,0,0,0,0,0,0,0,0,0,0,0,0,0,0,0,0,0,0,0,0,0,0,0,0,0,0,0,0,0,0,0,0,0,0,0,0,0,0,0,0,0,0,0,0,0,0,0,0,0,0,0,0,0,0,0,0,0,0,0,0,0,0,0,0,0,0,0,0,0,0,2,0,0,0,0,0,2,0,0,0,0,0,1,0,0,0,0,0,1,0,0,0,1,0,0,2,0,0,0,0,0,0,1,0,0,0,0,0,0,0,1,0,0,3,0,0,0,0,0,1,0,1,0,0,0,0,1,1,0,0,0,0,1,0,0,0,0,0,0,0,0,0,0,0,0,0,0,0,2,0,0,0,0,0,0,0,0,2,1,0,1,1,0,0,1,0,0,0,0,0,2,0,0,0,0,0,0,0,0,2,3,1,1,0,1,0,2,3,2,0,3,0,1,0,3,1,0,0,1,2,1,1,1,1,1,2,4,0,0,2,1,0,0,4,0,0,0,0,0,2,0,0,0,0,0,0,0,0,0,0,0,0,0,1,0,1,0,0,0,0,0,0,0,2,0,0,0,0,0,2,0,1,0,1,0,0,0,0,1,0,0,0,0,0,0,0,0,1,1,0,0,1,2,0,0,0,0,0,0,1,2,0,1,0,0,0,0,0,0,0,0,0,0,1,0,1,1,2,0,0,1,0,1,1,0,1,0,0,0,0,0,5,0,1,1,3,0,0,0,2,1,0,0,3,5,1,3,2,2,2,3,0,5,3,0,1,2,3,4,1,2,1,1,1,1,0,1,2,4,3,2,4,3,9,5,0,4,2,3,7,5,10,3,11,10,3,2,0
MXI1,0,0,3,0,0,0,0,0,5,1,2,3,0,0,1,0,4,1,4,3,0,2,2,1,2,2,0,1,0,0,0,1,0,0,0,0,0,0,0,0,0,0,0,0,0,0,0,0,0,0,0,2,1,0,0,0,0,0,1,0,0,1,2,0,0,1,3,1,1,0,0,0,0,0,0,1,4,1,0,0,1,1,2,0,3,0,1,4,1,0,0,0,0,0,0,0,0,0,0,0,0,0,0,1,0,1,0,3,0,0,0,0,0,0,0,0,0,0,0,0,0,0,0,0,0,0,0,0,0,2,2,0,6,5,2,3,4,5,6,2,8,3,7,2,6,3,3,1,5,3,2,9,2,2,0,0,0,0,0,0,0,0,0,0,0,0,0,1,0,0,0,0,0,0,0,0,0,0,0,0,0,0,0,0,0,0,0,0,0,0,0,0,0,0,0,0,0,0,0,0,0,0,0,0,0,0,0,0,0,0,0,0,0,0,0,0,0,0,0,0,0,0,0,0,0,0,0,0,0,0,0,0,0,0,0,0,0,0,0,0,0,0,0,0,0,0,0,0,0,0,0,0,0,0,0,0,0,0,0,0,0,0,0,0,0,0,0,0,0,0,0,0,0,0,1,0,0,0,0,0,0,0,0,0,1,0,1,3,1,2,1,1,3,0,0,0,1,2,2,1,2,0,1,0,0,0,0,0,0,0,3,0,0,0,0,0,2,0,1,1,0,0,2,3,0,0,0,0,2,0,1,0,0,0,0,0,0,1,1,0,0,0,0,0,0,1,3,4,0,1,0,0,0,1,1,2,0,1,0,0,0,1,2,0,2,3,0,5,2,0,0,1,0,0,0,2,2,1,5,8,3,2,3,3,1,0,0,2,2,1,2,4,3,1,0,2,2,3,1,0,2,2,3,5,4,2,3,2,0,0,1,2,3,0,0,0,1,2,0,0,0,0,0,0,0,0,0,2,0,0,5,1,1,0,0,0,0,0,1,0,2,2,0,0,1,0,1,1,1,0,6,6,1,1,2,1,1,3,1,0,2,1,1,3,3,6,2,6,4,3,0,1,1,0,0,1,3,3,0,0,0,0,0,0,0,0,0,0,0,1,0,0,2,1,4,3,5,3,1,4,3,0,1,0,0,0,1,1,3,0,5,5,4,2,0,0,1,1,3,5,7,8,10,8,10,8,10,6,7,8,10,6,0,0,3,1,4,9,3,2,6,3,1,5,8,7,4,5,5,8,5,0,0,2,0,6,9,11,9,12,13,9,3,2,0
POLR2A,0,0,4,0,0,0,0,0,2,0,1,4,0,1,1,0,0,5,3,2,0,2,3,0,1,1,3,1,0,0,0,1,0,0,0,0,0,0,0,0,0,0,0,0,0,0,0,0,0,0,0,4,0,1,0,0,0,0,0,0,0,2,1,0,0,1,2,3,0,0,0,0,0,2,0,0,6,2,0,0,0,0,2,0,0,1,2,3,1,0,0,0,0,0,0,0,0,0,0,0,0,0,0,0,0,1,0,3,1,0,1,0,0,0,0,0,0,0,0,0,0,0,0,0,0,0,0,0,0,2,3,0,8,6,2,3,4,4,5,3,7,3,13,3,3,3,2,0,2,5,2,5,3,1,0,0,0,0,0,0,0,0,0,0,0,0,0,0,0,0,0,0,0,0,0,0,0,0,0,0,0,0,0,0,0,0,0,0,0,0,0,0,0,0,0,0,0,0,0,0,0,0,0,0,0,0,0,0,0,0,0,0,0,0,0,0,0,0,0,0,0,0,0,0,0,0,0,0,0,0,0,0,0,0,0,0,0,0,0,0,0,0,0,0,0,0,0,0,0,0,0,0,0,0,0,0,0,0,0,0,0,0,0,0,0,1,0,0,0,0,0,0,0,0,0,0,0,0,0,0,0,0,0,0,0,1,2,3,0,2,0,6,17,0,0,0,0,1,1,3,2,0,1,3,0,0,0,0,0,0,3,0,0,0,1,0,2,0,0,1,1,0,1,2,0,0,0,0,1,0,0,0,0,0,0,0,0,2,0,0,0,0,0,0,0,1,4,0,0,0,0,0,0,0,2,4,0,0,1,2,0,5,0,0,1,1,2,7,1,0,0,0,0,0,1,10,6,1,1,2,4,5,2,4,1,2,0,4,1,1,4,5,2,0,3,1,2,3,0,0,1,5,4,3,1,1,2,8,0,0,12,1,5,0,0,0,2,0,0,0,0,0,0,0,0,0,0,1,0,0,2,0,2,0,0,0,0,0,0,0,3,7,3,0,0,1,1,3,1,0,3,7,2,2,1,1,2,3,4,3,2,1,2,2,3,8,0,4,3,6,1,3,0,5,1,3,0,2,0,0,0,0,0,0,0,0,0,0,0,0,1,0,0,3,7,3,2,0,1,2,4,0,5,0,1,1,1,0,8,6,7,6,2,1,0,0,0,0,3,3,6,9,13,10,6,8,4,11,5,15,6,3,0,2,17,0,3,2,1,2,2,1,2,4,6,2,0,4,3,4,3,0,0,0,0,0,2,7,3,5,6,3,1,0,0
RAD21,0,2,3,5,3,0,0,1,6,1,2,6,1,2,1,1,5,6,5,7,1,4,3,3,4,3,4,4,4,2,2,0,0,0,0,1,0,0,1,3,2,2,0,0,0,0,0,0,0,2,5,4,4,2,0,0,0,7,3,1,5,4,5,3,9,6,3,3,4,2,2,2,3,6,0,3,6,3,0,3,0,2,2,2,4,8,5,5,12,3,1,1,1,2,0,0,1,0,0,0,0,0,2,1,0,1,2,4,3,2,3,0,1,0,0,1,0,0,1,1,0,0,0,0,2,0,0,1,0,6,5,1,7,7,8,7,4,9,13,4,5,6,13,10,10,3,4,4,0,8,3,9,9,5,4,0,0,0,0,0,0,0,0,0,0,0,0,0,0,0,0,0,0,0,0,0,1,0,0,0,0,0,0,0,0,0,0,0,0,0,0,0,0,0,0,0,0,0,0,0,0,0,0,0,0,0,0,0,0,0,0,0,0,0,0,0,0,0,0,0,0,0,0,0,0,0,0,0,0,0,0,0,0,0,0,0,0,0,0,0,0,0,0,0,0,0,0,0,0,0,0,0,0,0,0,0,0,0,0,0,0,0,0,0,0,0,0,0,0,0,0,0,0,0,0,0,0,0,0,0,0,0,0,0,4,1,4,5,4,5,8,4,9,1,2,2,2,5,2,7,5,4,3,2,0,1,0,0,2,4,4,4,0,2,3,4,4,7,3,4,5,3,3,3,2,2,1,4,4,1,1,2,2,0,4,1,6,5,1,0,4,0,1,3,4,3,3,5,1,3,1,0,1,2,2,3,4,2,3,4,0,5,3,1,7,8,1,4,5,0,0,5,0,1,7,10,6,6,7,6,4,4,3,5,3,3,2,5,0,4,8,9,4,1,0,5,5,7,1,1,4,4,8,8,8,4,9,11,3,1,2,4,3,6,0,2,6,4,0,0,0,0,0,0,0,0,0,2,1,1,5,5,6,3,3,0,0,1,2,4,7,3,2,1,3,4,5,5,6,4,13,7,4,4,2,5,2,3,4,11,3,4,10,0,6,12,2,8,11,7,3,6,2,10,4,9,2,7,2,2,1,1,1,1,0,1,0,0,1,1,2,0,5,3,8,5,7,13,7,9,7,1,1,4,4,2,0,5,14,5,11,4,5,3,0,1,4,8,6,7,7,12,11,7,7,5,6,10,8,14,6,8,1,3,11,7,6,9,9,3,6,4,3,7,10,9,5,5,3,12,11,2,1,5,2,4,7,7,13,9,12,7,4,0,0
RB1,0,0,0,0,0,0,0,0,0,0,0,1,0,0,0,0,0,0,0,0,0,0,0,0,0,0,0,0,0,0,0,0,0,0,0,0,0,0,0,0,0,0,0,0,0,0,0,0,0,0,0,0,0,0,0,0,0,0,0,0,0,0,0,0,0,0,0,0,1,0,0,0,0,0,0,0,1,0,0,0,0,0,0,0,0,0,0,1,0,0,0,0,0,0,0,0,0,0,0,0,0,0,0,0,0,0,0,0,0,0,0,0,0,0,0,0,0,0,0,0,0,0,0,0,0,0,0,0,0,0,1,0,0,0,0,0,1,0,0,0,2,0,0,0,0,0,0,0,0,1,1,0,0,0,0,0,0,0,0,0,0,0,0,0,0,0,0,0,0,0,0,0,0,0,0,0,0,0,0,0,0,0,0,0,0,0,0,0,0,0,0,0,0,0,0,0,0,0,0,0,0,0,0,0,0,0,0,0,0,0,0,0,0,0,0,0,0,0,0,0,0,0,0,0,0,0,0,0,0,0,0,0,0,0,0,0,0,0,0,0,0,0,0,0,0,0,0,0,0,0,0,0,0,0,0,0,0,0,0,0,0,0,0,0,0,0,0,0,0,0,0,0,0,0,0,0,0,0,0,0,0,0,0,0,0,0,0,0,0,0,0,0,0,0,0,0,0,0,0,0,0,0,0,0,0,0,0,0,0,0,0,0,0,0,0,0,0,0,0,0,0,0,0,0,0,0,0,0,1,0,0,0,0,0,0,0,0,0,0,0,0,0,0,0,0,0,1,1,0,0,0,0,0,0,0,0,0,0,0,0,0,0,0,0,0,0,0,1,0,0,0,0,0,0,0,0,0,0,0,0,0,0,0,0,0,0,0,0,0,0,0,0,1,0,0,0,1,0,0,0,0,0,0,0,0,0,0,0,0,0,0,0,0,0,0,0,0,0,0,0,0,0,0,0,0,0,0,0,0,0,0,0,0,0,0,0,0,0,0,0,0,0,0,0,0,0,0,0,0,0,0,0,0,0,0,0,0,0,0,0,0,0,0,0,0,0,0,0,1,0,0,0,0,0,0,0,0,0,0,0,0,0,0,0,0,0,0,0,0,0,0,0,0,0,0,1,0,0,0,0,0,0,0,0,0,0,0,0,0,0,0,0,0,0,1,0,0,0,0,0,1,0,0,0,0,0,0,1,0,0,0,0,0,0,1,0,0,1,0,0,0,0,0,1,0,1,0,0,1,0,0,0,0,0,0,0,0,0,0,0,1,0,0,0,0
RBL2,0,0,0,0,0,0,0,0,1,0,0,1,0,0,2,0,0,0,0,0,0,1,0,0,1,0,1,1,0,0,0,0,0,0,0,0,0,0,0,0,0,0,0,0,0,0,0,0,0,0,0,0,0,0,0,0,0,0,0,0,0,1,0,0,0,0,0,0,1,0,0,0,0,0,0,0,2,1,0,0,0,0,0,0,0,0,0,2,0,0,0,0,0,0,0,0,0,0,0,0,0,0,0,0,0,0,0,1,0,0,0,0,0,0,0,0,0,0,0,0,0,0,0,0,0,0,0,0,0,0,0,0,1,1,0,1,1,2,1,1,2,1,3,1,0,1,1,0,1,2,0,1,0,0,0,0,0,0,0,0,0,0,0,0,0,0,0,0,0,0,0,0,0,0,0,0,0,0,0,0,0,0,0,0,0,0,0,0,0,0,0,0,0,0,0,0,0,0,0,0,0,0,0,0,0,0,0,0,0,0,0,0,0,0,0,0,0,0,0,0,0,0,0,0,0,0,0,0,0,0,0,0,0,0,0,0,0,0,0,0,0,0,0,0,0,0,0,0,0,0,0,0,0,0,0,0,0,0,0,0,0,0,0,0,0,0,0,0,0,0,0,0,0,0,0,0,0,0,0,0,0,0,0,0,0,1,0,0,0,0,0,0,0,0,0,0,0,1,0,0,0,0,0,0,0,0,0,0,0,0,1,0,0,0,0,0,0,0,0,0,0,0,0,0,0,0,0,0,1,0,0,0,0,0,0,0,0,0,0,0,0,0,0,0,0,0,2,0,0,0,0,0,0,0,0,0,0,0,0,0,0,1,0,0,0,0,0,1,0,0,0,0,0,0,0,1,0,0,0,0,2,1,1,0,0,0,0,0,0,0,0,0,1,1,1,0,1,0,1,0,0,2,2,0,0,0,0,0,0,0,0,0,0,0,0,0,0,0,0,0,0,0,0,0,0,0,0,1,0,0,0,0,0,0,0,0,0,0,0,0,0,1,0,0,0,0,0,1,0,0,0,0,0,0,0,0,0,0,0,0,0,1,0,2,2,0,1,0,0,1,0,0,0,0,0,0,0,0,0,0,0,0,0,0,0,0,0,0,0,0,0,0,0,1,1,1,0,0,0,0,0,0,1,0,0,0,0,0,0,0,0,0,2,0,1,0,0,0,0,1,0,0,1,0,1,3,0,2,1,0,1,0,0,0,1,0,3,0,0,0,0,1,2,1,1,0,0,0,2,1,0,0,0,0,0,0,0,0,0,1,1,1,0,0,0
RCOR1,0,0,3,0,1,0,0,0,1,0,2,0,0,0,0,1,0,0,0,0,0,0,1,1,0,1,1,1,0,0,0,0,0,0,0,0,0,0,0,0,0,0,0,0,0,0,0,0,0,0,0,1,0,2,0,1,0,0,0,0,3,0,0,0,3,3,0,1,0,0,0,0,0,0,0,1,2,0,0,0,0,1,1,0,1,0,1,0,1,0,0,0,0,0,0,0,0,0,0,0,0,0,0,0,0,0,0,1,2,0,1,0,0,0,0,0,0,0,0,0,0,0,0,0,0,0,0,0,0,1,1,0,2,0,2,3,2,3,0,2,1,4,3,5,3,0,3,0,1,0,2,7,3,0,0,0,0,0,0,0,0,0,0,0,0,0,0,0,0,0,0,0,0,0,0,0,0,0,0,0,0,0,0,0,0,0,0,0,0,0,0,0,0,0,0,0,0,0,0,0,0,0,0,0,0,0,0,0,0,0,0,0,0,0,0,0,0,0,0,0,0,0,0,0,0,0,0,0,0,0,0,0,0,0,0,0,0,0,0,0,0,0,0,0,0,0,0,0,0,0,0,0,0,0,0,0,0,0,0,0,0,0,0,0,0,0,0,0,0,0,0,0,0,0,1,0,0,1,0,0,0,0,0,0,3,0,2,1,1,0,1,2,1,0,1,0,1,0,1,0,4,0,0,0,0,0,0,0,0,1,1,2,0,0,0,2,1,1,1,0,0,4,0,2,0,1,0,2,1,1,1,0,0,0,2,1,4,1,2,1,2,0,1,0,0,1,1,1,0,0,0,0,0,0,1,2,2,2,0,0,0,1,0,1,2,4,2,1,1,0,0,1,0,0,1,7,2,2,1,2,0,2,2,3,2,0,0,1,1,1,3,1,0,0,3,1,4,1,1,0,1,3,2,1,6,5,1,1,2,0,0,0,1,1,0,0,0,1,0,0,0,0,0,0,0,0,0,0,0,0,4,0,3,0,0,0,0,0,3,1,1,0,2,0,1,0,0,2,0,0,3,2,1,1,3,0,0,2,1,2,0,0,1,2,0,8,0,9,5,5,0,3,3,1,2,1,2,1,0,0,0,0,0,0,0,0,0,0,0,0,1,0,4,3,5,1,6,8,10,3,1,0,1,0,3,1,1,3,2,2,8,1,1,2,1,1,1,0,5,5,1,11,11,2,4,5,4,6,6,11,2,5,2,3,4,8,2,3,9,4,6,2,2,1,2,5,4,2,5,8,2,0,0,0,0,3,3,6,7,7,6,4,2,0,0
RELA,0,0,0,0,0,0,0,0,0,0,0,0,0,0,0,2,0,0,0,0,0,0,0,0,0,0,0,0,0,1,0,0,0,0,0,0,0,0,0,0,0,0,0,0,0,0,0,0,0,0,0,0,0,0,0,0,0,0,0,0,0,0,0,0,0,0,0,0,0,0,0,0,0,0,0,0,0,0,0,0,0,0,0,0,0,0,0,1,1,0,0,0,0,0,0,0,0,0,0,0,0,0,0,0,0,0,0,0,0,0,0,0,0,0,0,0,0,0,0,0,0,0,0,0,0,0,0,0,0,1,0,0,1,0,0,0,0,0,1,0,0,0,0,0,0,0,0,0,0,0,0,0,1,0,0,0,0,0,0,0,0,0,0,0,0,0,0,0,0,0,0,0,0,0,0,0,0,0,0,0,0,0,0,0,0,0,0,0,0,0,0,0,0,0,0,0,0,0,0,0,0,0,0,0,0,0,0,0,0,0,0,0,0,0,0,0,0,0,0,0,0,0,0,0,0,0,0,0,0,0,0,0,0,0,0,0,0,0,0,0,0,0,0,0,0,0,0,0,0,0,0,0,0,0,0,0,0,0,0,0,0,0,0,0,0,0,0,1,0,0,0,0,0,0,0,0,0,0,0,0,0,0,0,0,0,0,0,0,0,0,0,0,1,0,0,0,0,0,0,0,1,0,0,0,0,0,0,0,0,0,0,0,0,0,0,0,0,0,0,0,0,0,0,0,0,0,0,1,0,0,0,0,0,0,0,0,0,0,0,0,0,0,0,0,0,0,0,1,0,0,0,0,0,0,0,0,0,0,0,1,0,0,0,0,0,0,0,0,0,0,0,1,0,0,0,1,0,0,0,0,0,0,0,0,0,0,0,0,0,0,0,0,0,0,0,0,0,0,0,0,0,1,0,0,0,0,0,0,0,0,0,0,0,0,0,0,0,0,0,0,0,0,0,0,0,0,0,0,0,0,0,0,0,0,0,0,0,0,0,0,0,0,1,0,0,0,0,1,0,0,0,1,0,1,1,0,0,0,1,2,0,0,0,0,0,0,0,0,1,0,0,0,0,1,0,0,0,0,0,0,0,0,0,0,0,0,0,0,0,0,0,0,0,0,0,0,0,0,0,0,0,0,0,0,0,1,0,0,1,0,0,1,0,0,0,0,0,0,0,0,0,0,0,0,0,0,0,0,0,0,0,0,0,0,0,0,0,0,0,0,0,0,0,0,0,0,0,0,0,0,0,0,0,0,0,0,0,0,0,1,0,0,0,0,0
RFX5,0,0,0,1,0,0,0,0,1,0,0,0,0,0,0,0,0,0,1,1,0,0,0,0,0,0,0,0,0,0,0,0,0,0,0,0,0,0,0,0,0,0,0,0,0,0,0,0,0,0,0,0,0,0,0,0,0,0,0,1,0,0,1,0,1,0,0,0,0,0,0,0,0,0,0,1,0,0,0,0,0,0,0,0,0,0,0,1,0,0,0,0,0,0,0,0,0,0,0,0,0,0,0,0,0,0,0,0,0,0,0,0,0,0,0,0,0,0,0,0,0,0,0,0,0,0,0,0,0,0,0,0,2,0,0,0,1,1,1,0,1,1,2,0,1,0,0,0,0,0,0,0,0,0,0,0,0,0,0,0,0,0,0,0,0,0,0,0,0,0,0,0,0,0,0,0,0,0,0,0,0,0,0,0,0,0,0,0,0,0,0,0,0,0,0,0,0,0,0,0,0,0,0,0,0,0,0,0,0,0,0,0,0,0,0,0,0,0,0,0,0,0,0,0,0,0,0,0,0,0,0,0,0,0,0,0,0,0,0,0,0,0,0,0,0,0,0,0,0,0,0,0,0,0,0,0,0,0,0,0,0,0,0,0,0,0,0,0,0,0,0,0,0,0,0,0,0,0,0,0,0,0,0,0,0,0,0,1,0,0,0,0,1,0,0,0,0,0,0,0,0,0,0,0,0,0,0,0,0,1,1,0,0,0,0,0,1,0,1,0,0,0,0,0,1,0,0,0,0,1,0,0,1,0,0,0,0,0,0,0,0,0,0,0,0,0,0,1,0,0,0,0,0,0,0,1,0,0,0,0,0,0,0,0,1,1,0,3,3,0,0,1,0,0,0,0,0,0,0,1,0,0,0,0,0,0,0,0,0,0,0,1,1,0,0,0,0,2,0,0,0,0,0,0,0,0,3,0,0,0,1,0,0,0,0,0,0,0,0,0,0,0,0,0,0,0,0,0,0,0,1,1,0,0,0,0,0,0,0,0,0,0,0,0,1,0,0,0,0,0,0,3,0,1,0,0,0,0,0,0,1,0,0,0,0,0,0,0,0,0,0,0,0,0,0,1,0,0,0,0,0,0,1,0,0,0,0,0,0,0,0,0,1,0,1,0,0,1,0,1,0,0,1,0,0,1,0,0,0,1,1,0,0,2,0,0,1,0,1,0,0,2,0,1,0,0,1,1,0,0,0,0,0,0,0,1,0,1,0,0,0,0,0,0,0,0,2,0,0,1,0,0,0,0,0,0,0,0,0,0,2,2,1,0,0
YAP1,0,1,4,2,0,0,0,1,1,2,4,4,1,2,3,6,7,4,4,3,1,1,12,3,1,2,3,4,3,3,0,0,0,0,0,0,0,0,0,0,1,0,0,0,0,0,0,0,0,0,3,8,3,3,0,2,3,11,2,0,4,4,2,1,15,9,10,9,0,1,0,0,1,4,4,2,2,1,0,2,0,4,9,5,3,0,10,6,11,0,1,2,0,0,0,0,0,0,0,0,0,0,0,0,1,5,0,1,14,0,1,0,0,0,0,0,0,0,0,0,0,0,0,0,2,0,0,0,0,8,1,1,3,4,2,8,3,1,0,0,0,2,10,7,8,1,3,0,2,4,0,5,8,0,1,0,0,0,0,0,0,0,0,0,0,0,0,0,0,0,0,0,0,0,0,0,0,0,0,0,0,0,0,0,0,0,0,0,0,0,0,0,0,0,0,0,0,0,0,0,0,0,0,0,0,0,0,0,0,0,0,0,0,0,0,0,0,0,0,0,0,0,0,0,0,0,0,0,0,0,0,0,0,0,0,0,0,0,0,0,0,0,0,0,0,0,0,0,0,0,0,0,0,0,0,0,0,0,0,0,0,0,0,0,0,0,0,0,0,0,0,0,0,0,0,0,2,0,0,0,0,0,0,0,2,0,6,3,2,6,11,4,9,0,5,0,1,6,2,3,11,0,0,4,0,0,0,0,0,1,2,1,0,0,0,6,4,5,1,8,1,9,2,4,5,3,6,7,5,6,1,3,1,8,3,4,18,9,1,6,3,1,4,0,1,0,2,7,0,0,0,0,0,1,0,4,10,9,4,9,2,3,2,5,7,10,5,5,1,0,1,1,0,0,2,15,9,5,7,4,3,3,0,2,0,1,0,2,0,2,14,7,6,1,10,1,3,5,1,0,2,2,2,6,5,7,10,9,6,0,0,5,3,2,0,0,0,2,0,0,0,0,0,0,0,0,0,1,0,0,7,8,4,0,0,0,0,2,6,4,6,4,3,5,7,3,0,6,3,0,12,13,4,13,20,5,3,2,8,17,3,5,6,4,3,4,3,1,5,4,6,10,8,12,8,11,5,3,3,1,0,0,0,0,0,0,0,0,0,0,2,0,6,5,3,1,12,5,9,1,8,0,3,5,0,2,2,2,6,8,6,5,3,4,1,0,1,0,2,6,2,7,2,3,0,4,2,2,1,4,6,3,0,2,8,1,4,2,4,5,2,1,3,3,1,0,3,0,1,7,8,0,0,0,0,1,1,1,0,1,0,2,2,0,0
Exons,1,7,22,0,6,0,0,0,51,1,11,4,1,0,6,7,11,11,21,2,15,5,23,20,5,14,0,6,8,1,0,4,0,12,0,0,0,0,0,0,0,0,0,0,0,0,0,0,0,1,0,1,56,3,0,1,0,2,2,4,16,25,11,1,0,2,12,0,7,3,0,0,0,4,6,8,19,40,0,0,0,12,6,6,3,5,4,12,3,0,1,0,0,0,0,0,0,0,0,0,0,0,0,0,0,0,0,20,18,4,2,0,0,0,0,0,0,0,0,1,0,0,0,0,0,0,0,0,1,36,13,44,23,63,9,6,30,35,20,13,54,10,134,25,42,35,0,1,8,29,9,28,3,3,0,0,0,0,0,0,0,0,0,0,0,0,0,0,0,0,0,0,0,0,0,0,0,0,0,0,0,0,0,0,0,0,1,0,0,0,0,0,0,0,0,0,0,0,0,0,0,0,0,0,0,0,0,0,0,0,0,0,0,0,0,0,0,0,0,0,0,0,0,0,0,0,0,0,0,0,0,0,0,0,0,0,0,0,0,0,0,0,0,0,0,0,0,0,0,0,0,0,0,0,0,0,0,0,0,0,0,0,0,0,0,1,0,0,0,0,0,0,0,1,0,0,0,0,0,0,0,15,1,0,4,2,5,26,3,7,0,12,1,0,0,0,0,27,3,9,0,7,0,16,0,0,0,0,0,1,8,1,0,0,0,0,10,5,0,25,5,3,0,12,0,3,1,0,54,30,0,0,1,0,0,0,14,2,4,0,0,1,1,0,0,18,61,1,0,0,0,0,4,5,10,18,1,0,1,1,1,3,15,1,21,0,5,10,16,0,0,1,1,0,0,5,17,3,1,25,97,12,9,5,31,17,0,5,2,2,9,16,13,0,19,1,13,9,14,1,18,21,5,42,10,5,7,39,0,0,14,7,23,3,0,0,7,3,0,0,1,0,0,0,0,0,0,14,0,0,11,1,11,5,6,0,0,0,9,1,8,3,0,0,0,0,26,25,8,0,2,28,18,0,19,5,35,21,19,5,3,3,4,12,35,28,0,4,24,6,0,79,2,1,1,5,13,5,0,0,0,4,0,2,0,0,0,0,0,0,0,0,35,15,29,31,80,0,3,8,14,0,39,11,8,0,6,3,46,4,28,21,79,15,23,0,3,2,5,11,40,41,95,88,81,131,21,89,2,13,34,17,0,15,32,9,22,78,15,0,27,6,13,44,75,30,10,5,4,3,18,2,1,7,19,6,15,67,63,44,52,55,22,7,0
