,start row,start col,chr1,chr2,stop row,stop col
0,136000000,125500000,8,12,136250000,125750000
1,136000000,125750000,8,12,136250000,126000000
2,136000000,126000000,8,12,136250000,126250000
3,136000000,126250000,8,12,136250000,126500000
4,136000000,126500000,8,12,136250000,126750000
5,136000000,126750000,8,12,136250000,127000000
6,136000000,127000000,8,12,136250000,127250000
7,136000000,127250000,8,12,136250000,127500000
8,136000000,127500000,8,12,136250000,127750000
9,136000000,127750000,8,12,136250000,128000000
10,136000000,128000000,8,12,136250000,128250000
11,136000000,128250000,8,12,136250000,128500000
12,136000000,128500000,8,12,136250000,128750000
13,136000000,128750000,8,12,136250000,129000000
14,136000000,129000000,8,12,136250000,129250000
15,136000000,129250000,8,12,136250000,129500000
16,136000000,129500000,8,12,136250000,129750000
17,136000000,129750000,8,12,136250000,130000000
18,136000000,130000000,8,12,136250000,130250000
19,136000000,130250000,8,12,136250000,130500000
20,136000000,130500000,8,12,136250000,130750000
21,136000000,130750000,8,12,136250000,131000000
22,136000000,131000000,8,12,136250000,131250000
23,136000000,131250000,8,12,136250000,131500000
24,136000000,131500000,8,12,136250000,131750000
25,136000000,131750000,8,12,136250000,132000000
26,136000000,132000000,8,12,136250000,132250000
27,136250000,125500000,8,12,136500000,125750000
28,136250000,125750000,8,12,136500000,126000000
29,136250000,126000000,8,12,136500000,126250000
30,136250000,126250000,8,12,136500000,126500000
31,136250000,126500000,8,12,136500000,126750000
32,136250000,126750000,8,12,136500000,127000000
33,136250000,127000000,8,12,136500000,127250000
34,136250000,127250000,8,12,136500000,127500000
35,136250000,127500000,8,12,136500000,127750000
36,136250000,127750000,8,12,136500000,128000000
37,136250000,128000000,8,12,136500000,128250000
38,136250000,128250000,8,12,136500000,128500000
39,136250000,128500000,8,12,136500000,128750000
40,136250000,128750000,8,12,136500000,129000000
41,136250000,129000000,8,12,136500000,129250000
42,136250000,129250000,8,12,136500000,129500000
43,136250000,129500000,8,12,136500000,129750000
44,136250000,129750000,8,12,136500000,130000000
45,136250000,130000000,8,12,136500000,130250000
46,136250000,130250000,8,12,136500000,130500000
47,136250000,130500000,8,12,136500000,130750000
48,136250000,130750000,8,12,136500000,131000000
49,136250000,131000000,8,12,136500000,131250000
50,136250000,131250000,8,12,136500000,131500000
51,136250000,131500000,8,12,136500000,131750000
52,136250000,131750000,8,12,136500000,132000000
53,136250000,132000000,8,12,136500000,132250000
54,136500000,125500000,8,12,136750000,125750000
55,136500000,125750000,8,12,136750000,126000000
56,136500000,126000000,8,12,136750000,126250000
57,136500000,126250000,8,12,136750000,126500000
58,136500000,126500000,8,12,136750000,126750000
59,136500000,126750000,8,12,136750000,127000000
60,136500000,127000000,8,12,136750000,127250000
61,136500000,127250000,8,12,136750000,127500000
62,136500000,127500000,8,12,136750000,127750000
63,136500000,127750000,8,12,136750000,128000000
64,136500000,128000000,8,12,136750000,128250000
65,136500000,128250000,8,12,136750000,128500000
66,136500000,128500000,8,12,136750000,128750000
67,136500000,128750000,8,12,136750000,129000000
68,136500000,129000000,8,12,136750000,129250000
69,136500000,129250000,8,12,136750000,129500000
70,136500000,129500000,8,12,136750000,129750000
71,136500000,129750000,8,12,136750000,130000000
72,136500000,130000000,8,12,136750000,130250000
73,136500000,130250000,8,12,136750000,130500000
74,136500000,130500000,8,12,136750000,130750000
75,136500000,130750000,8,12,136750000,131000000
76,136500000,131000000,8,12,136750000,131250000
77,136500000,131250000,8,12,136750000,131500000
78,136500000,131500000,8,12,136750000,131750000
79,136500000,131750000,8,12,136750000,132000000
80,136500000,132000000,8,12,136750000,132250000
81,136750000,125500000,8,12,137000000,125750000
82,136750000,125750000,8,12,137000000,126000000
83,136750000,126000000,8,12,137000000,126250000
84,136750000,126250000,8,12,137000000,126500000
85,136750000,126500000,8,12,137000000,126750000
86,136750000,126750000,8,12,137000000,127000000
87,136750000,127000000,8,12,137000000,127250000
88,136750000,127250000,8,12,137000000,127500000
89,136750000,127500000,8,12,137000000,127750000
90,136750000,127750000,8,12,137000000,128000000
91,136750000,128000000,8,12,137000000,128250000
92,136750000,128250000,8,12,137000000,128500000
93,136750000,128500000,8,12,137000000,128750000
94,136750000,128750000,8,12,137000000,129000000
95,136750000,129000000,8,12,137000000,129250000
96,136750000,129250000,8,12,137000000,129500000
97,136750000,129500000,8,12,137000000,129750000
98,136750000,129750000,8,12,137000000,130000000
99,136750000,130000000,8,12,137000000,130250000
100,136750000,130250000,8,12,137000000,130500000
101,136750000,130500000,8,12,137000000,130750000
102,136750000,130750000,8,12,137000000,131000000
103,136750000,131000000,8,12,137000000,131250000
104,136750000,131250000,8,12,137000000,131500000
105,136750000,131500000,8,12,137000000,131750000
106,136750000,131750000,8,12,137000000,132000000
107,136750000,132000000,8,12,137000000,132250000
108,137000000,125500000,8,12,137250000,125750000
109,137000000,125750000,8,12,137250000,126000000
110,137000000,126000000,8,12,137250000,126250000
111,137000000,126250000,8,12,137250000,126500000
112,137000000,126500000,8,12,137250000,126750000
113,137000000,126750000,8,12,137250000,127000000
114,137000000,127000000,8,12,137250000,127250000
115,137000000,127250000,8,12,137250000,127500000
116,137000000,127500000,8,12,137250000,127750000
117,137000000,127750000,8,12,137250000,128000000
118,137000000,128000000,8,12,137250000,128250000
119,137000000,128250000,8,12,137250000,128500000
120,137000000,128500000,8,12,137250000,128750000
121,137000000,128750000,8,12,137250000,129000000
122,137000000,129000000,8,12,137250000,129250000
123,137000000,129250000,8,12,137250000,129500000
124,137000000,129500000,8,12,137250000,129750000
125,137000000,129750000,8,12,137250000,130000000
126,137000000,130000000,8,12,137250000,130250000
127,137000000,130250000,8,12,137250000,130500000
128,137000000,130500000,8,12,137250000,130750000
129,137000000,130750000,8,12,137250000,131000000
130,137000000,131000000,8,12,137250000,131250000
131,137000000,131250000,8,12,137250000,131500000
132,137000000,131500000,8,12,137250000,131750000
133,137000000,131750000,8,12,137250000,132000000
134,137000000,132000000,8,12,137250000,132250000
135,137250000,125500000,8,12,137500000,125750000
136,137250000,125750000,8,12,137500000,126000000
137,137250000,126000000,8,12,137500000,126250000
138,137250000,126250000,8,12,137500000,126500000
139,137250000,126500000,8,12,137500000,126750000
140,137250000,126750000,8,12,137500000,127000000
141,137250000,127000000,8,12,137500000,127250000
142,137250000,127250000,8,12,137500000,127500000
143,137250000,127500000,8,12,137500000,127750000
144,137250000,127750000,8,12,137500000,128000000
145,137250000,128000000,8,12,137500000,128250000
146,137250000,128250000,8,12,137500000,128500000
147,137250000,128500000,8,12,137500000,128750000
148,137250000,128750000,8,12,137500000,129000000
149,137250000,129000000,8,12,137500000,129250000
150,137250000,129250000,8,12,137500000,129500000
151,137250000,129500000,8,12,137500000,129750000
152,137250000,129750000,8,12,137500000,130000000
153,137250000,130000000,8,12,137500000,130250000
154,137250000,130250000,8,12,137500000,130500000
155,137250000,130500000,8,12,137500000,130750000
156,137250000,130750000,8,12,137500000,131000000
157,137250000,131000000,8,12,137500000,131250000
158,137250000,131250000,8,12,137500000,131500000
159,137250000,131500000,8,12,137500000,131750000
160,137250000,131750000,8,12,137500000,132000000
161,137250000,132000000,8,12,137500000,132250000
162,137500000,125500000,8,12,137750000,125750000
163,137500000,125750000,8,12,137750000,126000000
164,137500000,126000000,8,12,137750000,126250000
165,137500000,126250000,8,12,137750000,126500000
166,137500000,126500000,8,12,137750000,126750000
167,137500000,126750000,8,12,137750000,127000000
168,137500000,127000000,8,12,137750000,127250000
169,137500000,127250000,8,12,137750000,127500000
170,137500000,127500000,8,12,137750000,127750000
171,137500000,127750000,8,12,137750000,128000000
172,137500000,128000000,8,12,137750000,128250000
173,137500000,128250000,8,12,137750000,128500000
174,137500000,128500000,8,12,137750000,128750000
175,137500000,128750000,8,12,137750000,129000000
176,137500000,129000000,8,12,137750000,129250000
177,137500000,129250000,8,12,137750000,129500000
178,137500000,129500000,8,12,137750000,129750000
179,137500000,129750000,8,12,137750000,130000000
180,137500000,130000000,8,12,137750000,130250000
181,137500000,130250000,8,12,137750000,130500000
182,137500000,130500000,8,12,137750000,130750000
183,137500000,130750000,8,12,137750000,131000000
184,137500000,131000000,8,12,137750000,131250000
185,137500000,131250000,8,12,137750000,131500000
186,137500000,131500000,8,12,137750000,131750000
187,137500000,131750000,8,12,137750000,132000000
188,137500000,132000000,8,12,137750000,132250000
189,137750000,125500000,8,12,138000000,125750000
190,137750000,125750000,8,12,138000000,126000000
191,137750000,126000000,8,12,138000000,126250000
192,137750000,126250000,8,12,138000000,126500000
193,137750000,126500000,8,12,138000000,126750000
194,137750000,126750000,8,12,138000000,127000000
195,137750000,127000000,8,12,138000000,127250000
196,137750000,127250000,8,12,138000000,127500000
197,137750000,127500000,8,12,138000000,127750000
198,137750000,127750000,8,12,138000000,128000000
199,137750000,128000000,8,12,138000000,128250000
200,137750000,128250000,8,12,138000000,128500000
201,137750000,128500000,8,12,138000000,128750000
202,137750000,128750000,8,12,138000000,129000000
203,137750000,129000000,8,12,138000000,129250000
204,137750000,129250000,8,12,138000000,129500000
205,137750000,129500000,8,12,138000000,129750000
206,137750000,129750000,8,12,138000000,130000000
207,137750000,130000000,8,12,138000000,130250000
208,137750000,130250000,8,12,138000000,130500000
209,137750000,130500000,8,12,138000000,130750000
210,137750000,130750000,8,12,138000000,131000000
211,137750000,131000000,8,12,138000000,131250000
212,137750000,131250000,8,12,138000000,131500000
213,137750000,131500000,8,12,138000000,131750000
214,137750000,131750000,8,12,138000000,132000000
215,137750000,132000000,8,12,138000000,132250000
216,138000000,125500000,8,12,138250000,125750000
217,138000000,125750000,8,12,138250000,126000000
218,138000000,126000000,8,12,138250000,126250000
219,138000000,126250000,8,12,138250000,126500000
220,138000000,126500000,8,12,138250000,126750000
221,138000000,126750000,8,12,138250000,127000000
222,138000000,127000000,8,12,138250000,127250000
223,138000000,127250000,8,12,138250000,127500000
224,138000000,127500000,8,12,138250000,127750000
225,138000000,127750000,8,12,138250000,128000000
226,138000000,128000000,8,12,138250000,128250000
227,138000000,128250000,8,12,138250000,128500000
228,138000000,128500000,8,12,138250000,128750000
229,138000000,128750000,8,12,138250000,129000000
230,138000000,129000000,8,12,138250000,129250000
231,138000000,129250000,8,12,138250000,129500000
232,138000000,129500000,8,12,138250000,129750000
233,138000000,129750000,8,12,138250000,130000000
234,138000000,130000000,8,12,138250000,130250000
235,138000000,130250000,8,12,138250000,130500000
236,138000000,130500000,8,12,138250000,130750000
237,138000000,130750000,8,12,138250000,131000000
238,138000000,131000000,8,12,138250000,131250000
239,138000000,131250000,8,12,138250000,131500000
240,138000000,131500000,8,12,138250000,131750000
241,138000000,131750000,8,12,138250000,132000000
242,138000000,132000000,8,12,138250000,132250000
243,138250000,125500000,8,12,138500000,125750000
244,138250000,125750000,8,12,138500000,126000000
245,138250000,126000000,8,12,138500000,126250000
246,138250000,126250000,8,12,138500000,126500000
247,138250000,126500000,8,12,138500000,126750000
248,138250000,126750000,8,12,138500000,127000000
249,138250000,127000000,8,12,138500000,127250000
250,138250000,127250000,8,12,138500000,127500000
251,138250000,127500000,8,12,138500000,127750000
252,138250000,127750000,8,12,138500000,128000000
253,138250000,128000000,8,12,138500000,128250000
254,138250000,128250000,8,12,138500000,128500000
255,138250000,128500000,8,12,138500000,128750000
256,138250000,128750000,8,12,138500000,129000000
257,138250000,129000000,8,12,138500000,129250000
258,138250000,129250000,8,12,138500000,129500000
259,138250000,129500000,8,12,138500000,129750000
260,138250000,129750000,8,12,138500000,130000000
261,138250000,130000000,8,12,138500000,130250000
262,138250000,130250000,8,12,138500000,130500000
263,138250000,130500000,8,12,138500000,130750000
264,138250000,130750000,8,12,138500000,131000000
265,138250000,131000000,8,12,138500000,131250000
266,138250000,131250000,8,12,138500000,131500000
267,138250000,131500000,8,12,138500000,131750000
268,138250000,131750000,8,12,138500000,132000000
269,138250000,132000000,8,12,138500000,132250000
270,138500000,125500000,8,12,138750000,125750000
271,138500000,125750000,8,12,138750000,126000000
272,138500000,126000000,8,12,138750000,126250000
273,138500000,126250000,8,12,138750000,126500000
274,138500000,126500000,8,12,138750000,126750000
275,138500000,126750000,8,12,138750000,127000000
276,138500000,127000000,8,12,138750000,127250000
277,138500000,127250000,8,12,138750000,127500000
278,138500000,127500000,8,12,138750000,127750000
279,138500000,127750000,8,12,138750000,128000000
280,138500000,128000000,8,12,138750000,128250000
281,138500000,128250000,8,12,138750000,128500000
282,138500000,128500000,8,12,138750000,128750000
283,138500000,128750000,8,12,138750000,129000000
284,138500000,129000000,8,12,138750000,129250000
285,138500000,129250000,8,12,138750000,129500000
286,138500000,129500000,8,12,138750000,129750000
287,138500000,129750000,8,12,138750000,130000000
288,138500000,130000000,8,12,138750000,130250000
289,138500000,130250000,8,12,138750000,130500000
290,138500000,130500000,8,12,138750000,130750000
291,138500000,130750000,8,12,138750000,131000000
292,138500000,131000000,8,12,138750000,131250000
293,138500000,131250000,8,12,138750000,131500000
294,138500000,131500000,8,12,138750000,131750000
295,138500000,131750000,8,12,138750000,132000000
296,138500000,132000000,8,12,138750000,132250000
297,138750000,125500000,8,12,139000000,125750000
298,138750000,125750000,8,12,139000000,126000000
299,138750000,126000000,8,12,139000000,126250000
300,138750000,126250000,8,12,139000000,126500000
301,138750000,126500000,8,12,139000000,126750000
302,138750000,126750000,8,12,139000000,127000000
303,138750000,127000000,8,12,139000000,127250000
304,138750000,127250000,8,12,139000000,127500000
305,138750000,127500000,8,12,139000000,127750000
306,138750000,127750000,8,12,139000000,128000000
307,138750000,128000000,8,12,139000000,128250000
308,138750000,128250000,8,12,139000000,128500000
309,138750000,128500000,8,12,139000000,128750000
310,138750000,128750000,8,12,139000000,129000000
311,138750000,129000000,8,12,139000000,129250000
312,138750000,129250000,8,12,139000000,129500000
313,138750000,129500000,8,12,139000000,129750000
314,138750000,129750000,8,12,139000000,130000000
315,138750000,130000000,8,12,139000000,130250000
316,138750000,130250000,8,12,139000000,130500000
317,138750000,130500000,8,12,139000000,130750000
318,138750000,130750000,8,12,139000000,131000000
319,138750000,131000000,8,12,139000000,131250000
320,138750000,131250000,8,12,139000000,131500000
321,138750000,131500000,8,12,139000000,131750000
322,138750000,131750000,8,12,139000000,132000000
323,138750000,132000000,8,12,139000000,132250000
324,139000000,125500000,8,12,139250000,125750000
325,139000000,125750000,8,12,139250000,126000000
326,139000000,126000000,8,12,139250000,126250000
327,139000000,126250000,8,12,139250000,126500000
328,139000000,126500000,8,12,139250000,126750000
329,139000000,126750000,8,12,139250000,127000000
330,139000000,127000000,8,12,139250000,127250000
331,139000000,127250000,8,12,139250000,127500000
332,139000000,127500000,8,12,139250000,127750000
333,139000000,127750000,8,12,139250000,128000000
334,139000000,128000000,8,12,139250000,128250000
335,139000000,128250000,8,12,139250000,128500000
336,139000000,128500000,8,12,139250000,128750000
337,139000000,128750000,8,12,139250000,129000000
338,139000000,129000000,8,12,139250000,129250000
339,139000000,129250000,8,12,139250000,129500000
340,139000000,129500000,8,12,139250000,129750000
341,139000000,129750000,8,12,139250000,130000000
342,139000000,130000000,8,12,139250000,130250000
343,139000000,130250000,8,12,139250000,130500000
344,139000000,130500000,8,12,139250000,130750000
345,139000000,130750000,8,12,139250000,131000000
346,139000000,131000000,8,12,139250000,131250000
347,139000000,131250000,8,12,139250000,131500000
348,139000000,131500000,8,12,139250000,131750000
349,139000000,131750000,8,12,139250000,132000000
350,139000000,132000000,8,12,139250000,132250000
351,139250000,125500000,8,12,139500000,125750000
352,139250000,125750000,8,12,139500000,126000000
353,139250000,126000000,8,12,139500000,126250000
354,139250000,126250000,8,12,139500000,126500000
355,139250000,126500000,8,12,139500000,126750000
356,139250000,126750000,8,12,139500000,127000000
357,139250000,127000000,8,12,139500000,127250000
358,139250000,127250000,8,12,139500000,127500000
359,139250000,127500000,8,12,139500000,127750000
360,139250000,127750000,8,12,139500000,128000000
361,139250000,128000000,8,12,139500000,128250000
362,139250000,128250000,8,12,139500000,128500000
363,139250000,128500000,8,12,139500000,128750000
364,139250000,128750000,8,12,139500000,129000000
365,139250000,129000000,8,12,139500000,129250000
366,139250000,129250000,8,12,139500000,129500000
367,139250000,129500000,8,12,139500000,129750000
368,139250000,129750000,8,12,139500000,130000000
369,139250000,130000000,8,12,139500000,130250000
370,139250000,130250000,8,12,139500000,130500000
371,139250000,130500000,8,12,139500000,130750000
372,139250000,130750000,8,12,139500000,131000000
373,139250000,131000000,8,12,139500000,131250000
374,139250000,131250000,8,12,139500000,131500000
375,139250000,131500000,8,12,139500000,131750000
376,139250000,131750000,8,12,139500000,132000000
377,139250000,132000000,8,12,139500000,132250000
378,139500000,125500000,8,12,139750000,125750000
379,139500000,125750000,8,12,139750000,126000000
380,139500000,126000000,8,12,139750000,126250000
381,139500000,126250000,8,12,139750000,126500000
382,139500000,126500000,8,12,139750000,126750000
383,139500000,126750000,8,12,139750000,127000000
384,139500000,127000000,8,12,139750000,127250000
385,139500000,127250000,8,12,139750000,127500000
386,139500000,127500000,8,12,139750000,127750000
387,139500000,127750000,8,12,139750000,128000000
388,139500000,128000000,8,12,139750000,128250000
389,139500000,128250000,8,12,139750000,128500000
390,139500000,128500000,8,12,139750000,128750000
391,139500000,128750000,8,12,139750000,129000000
392,139500000,129000000,8,12,139750000,129250000
393,139500000,129250000,8,12,139750000,129500000
394,139500000,129500000,8,12,139750000,129750000
395,139500000,129750000,8,12,139750000,130000000
396,139500000,130000000,8,12,139750000,130250000
397,139500000,130250000,8,12,139750000,130500000
398,139500000,130500000,8,12,139750000,130750000
399,139500000,130750000,8,12,139750000,131000000
400,139500000,131000000,8,12,139750000,131250000
401,139500000,131250000,8,12,139750000,131500000
402,139500000,131500000,8,12,139750000,131750000
403,139500000,131750000,8,12,139750000,132000000
404,139500000,132000000,8,12,139750000,132250000
405,139750000,125500000,8,12,140000000,125750000
406,139750000,125750000,8,12,140000000,126000000
407,139750000,126000000,8,12,140000000,126250000
408,139750000,126250000,8,12,140000000,126500000
409,139750000,126500000,8,12,140000000,126750000
410,139750000,126750000,8,12,140000000,127000000
411,139750000,127000000,8,12,140000000,127250000
412,139750000,127250000,8,12,140000000,127500000
413,139750000,127500000,8,12,140000000,127750000
414,139750000,127750000,8,12,140000000,128000000
415,139750000,128000000,8,12,140000000,128250000
416,139750000,128250000,8,12,140000000,128500000
417,139750000,128500000,8,12,140000000,128750000
418,139750000,128750000,8,12,140000000,129000000
419,139750000,129000000,8,12,140000000,129250000
420,139750000,129250000,8,12,140000000,129500000
421,139750000,129500000,8,12,140000000,129750000
422,139750000,129750000,8,12,140000000,130000000
423,139750000,130000000,8,12,140000000,130250000
424,139750000,130250000,8,12,140000000,130500000
425,139750000,130500000,8,12,140000000,130750000
426,139750000,130750000,8,12,140000000,131000000
427,139750000,131000000,8,12,140000000,131250000
428,139750000,131250000,8,12,140000000,131500000
429,139750000,131500000,8,12,140000000,131750000
430,139750000,131750000,8,12,140000000,132000000
431,139750000,132000000,8,12,140000000,132250000
432,140000000,125500000,8,12,140250000,125750000
433,140000000,125750000,8,12,140250000,126000000
434,140000000,126000000,8,12,140250000,126250000
435,140000000,126250000,8,12,140250000,126500000
436,140000000,126500000,8,12,140250000,126750000
437,140000000,126750000,8,12,140250000,127000000
438,140000000,127000000,8,12,140250000,127250000
439,140000000,127250000,8,12,140250000,127500000
440,140000000,127500000,8,12,140250000,127750000
441,140000000,127750000,8,12,140250000,128000000
442,140000000,128000000,8,12,140250000,128250000
443,140000000,128250000,8,12,140250000,128500000
444,140000000,128500000,8,12,140250000,128750000
445,140000000,128750000,8,12,140250000,129000000
446,140000000,129000000,8,12,140250000,129250000
447,140000000,129250000,8,12,140250000,129500000
448,140000000,129500000,8,12,140250000,129750000
449,140000000,129750000,8,12,140250000,130000000
450,140000000,130000000,8,12,140250000,130250000
451,140000000,130250000,8,12,140250000,130500000
452,140000000,130500000,8,12,140250000,130750000
453,140000000,130750000,8,12,140250000,131000000
454,140000000,131000000,8,12,140250000,131250000
455,140000000,131250000,8,12,140250000,131500000
456,140000000,131500000,8,12,140250000,131750000
457,140000000,131750000,8,12,140250000,132000000
458,140000000,132000000,8,12,140250000,132250000
459,140250000,125500000,8,12,140500000,125750000
460,140250000,125750000,8,12,140500000,126000000
461,140250000,126000000,8,12,140500000,126250000
462,140250000,126250000,8,12,140500000,126500000
463,140250000,126500000,8,12,140500000,126750000
464,140250000,126750000,8,12,140500000,127000000
465,140250000,127000000,8,12,140500000,127250000
466,140250000,127250000,8,12,140500000,127500000
467,140250000,127500000,8,12,140500000,127750000
468,140250000,127750000,8,12,140500000,128000000
469,140250000,128000000,8,12,140500000,128250000
470,140250000,128250000,8,12,140500000,128500000
471,140250000,128500000,8,12,140500000,128750000
472,140250000,128750000,8,12,140500000,129000000
473,140250000,129000000,8,12,140500000,129250000
474,140250000,129250000,8,12,140500000,129500000
475,140250000,129500000,8,12,140500000,129750000
476,140250000,129750000,8,12,140500000,130000000
477,140250000,130000000,8,12,140500000,130250000
478,140250000,130250000,8,12,140500000,130500000
479,140250000,130500000,8,12,140500000,130750000
480,140250000,130750000,8,12,140500000,131000000
481,140250000,131000000,8,12,140500000,131250000
482,140250000,131250000,8,12,140500000,131500000
483,140250000,131500000,8,12,140500000,131750000
484,140250000,131750000,8,12,140500000,132000000
485,140250000,132000000,8,12,140500000,132250000
486,140500000,125500000,8,12,140750000,125750000
487,140500000,125750000,8,12,140750000,126000000
488,140500000,126000000,8,12,140750000,126250000
489,140500000,126250000,8,12,140750000,126500000
490,140500000,126500000,8,12,140750000,126750000
491,140500000,126750000,8,12,140750000,127000000
492,140500000,127000000,8,12,140750000,127250000
493,140500000,127250000,8,12,140750000,127500000
494,140500000,127500000,8,12,140750000,127750000
495,140500000,127750000,8,12,140750000,128000000
496,140500000,128000000,8,12,140750000,128250000
497,140500000,128250000,8,12,140750000,128500000
498,140500000,128500000,8,12,140750000,128750000
499,140500000,128750000,8,12,140750000,129000000
500,140500000,129000000,8,12,140750000,129250000
501,140500000,129250000,8,12,140750000,129500000
502,140500000,129500000,8,12,140750000,129750000
503,140500000,129750000,8,12,140750000,130000000
504,140500000,130000000,8,12,140750000,130250000
505,140500000,130250000,8,12,140750000,130500000
506,140500000,130500000,8,12,140750000,130750000
507,140500000,130750000,8,12,140750000,131000000
508,140500000,131000000,8,12,140750000,131250000
509,140500000,131250000,8,12,140750000,131500000
510,140500000,131500000,8,12,140750000,131750000
511,140500000,131750000,8,12,140750000,132000000
512,140500000,132000000,8,12,140750000,132250000
513,140750000,125500000,8,12,141000000,125750000
514,140750000,125750000,8,12,141000000,126000000
515,140750000,126000000,8,12,141000000,126250000
516,140750000,126250000,8,12,141000000,126500000
517,140750000,126500000,8,12,141000000,126750000
518,140750000,126750000,8,12,141000000,127000000
519,140750000,127000000,8,12,141000000,127250000
520,140750000,127250000,8,12,141000000,127500000
521,140750000,127500000,8,12,141000000,127750000
522,140750000,127750000,8,12,141000000,128000000
523,140750000,128000000,8,12,141000000,128250000
524,140750000,128250000,8,12,141000000,128500000
525,140750000,128500000,8,12,141000000,128750000
526,140750000,128750000,8,12,141000000,129000000
527,140750000,129000000,8,12,141000000,129250000
528,140750000,129250000,8,12,141000000,129500000
529,140750000,129500000,8,12,141000000,129750000
530,140750000,129750000,8,12,141000000,130000000
531,140750000,130000000,8,12,141000000,130250000
532,140750000,130250000,8,12,141000000,130500000
533,140750000,130500000,8,12,141000000,130750000
534,140750000,130750000,8,12,141000000,131000000
535,140750000,131000000,8,12,141000000,131250000
536,140750000,131250000,8,12,141000000,131500000
537,140750000,131500000,8,12,141000000,131750000
538,140750000,131750000,8,12,141000000,132000000
539,140750000,132000000,8,12,141000000,132250000
540,141000000,125500000,8,12,141250000,125750000
541,141000000,125750000,8,12,141250000,126000000
542,141000000,126000000,8,12,141250000,126250000
543,141000000,126250000,8,12,141250000,126500000
544,141000000,126500000,8,12,141250000,126750000
545,141000000,126750000,8,12,141250000,127000000
546,141000000,127000000,8,12,141250000,127250000
547,141000000,127250000,8,12,141250000,127500000
548,141000000,127500000,8,12,141250000,127750000
549,141000000,127750000,8,12,141250000,128000000
550,141000000,128000000,8,12,141250000,128250000
551,141000000,128250000,8,12,141250000,128500000
552,141000000,128500000,8,12,141250000,128750000
553,141000000,128750000,8,12,141250000,129000000
554,141000000,129000000,8,12,141250000,129250000
555,141000000,129250000,8,12,141250000,129500000
556,141000000,129500000,8,12,141250000,129750000
557,141000000,129750000,8,12,141250000,130000000
558,141000000,130000000,8,12,141250000,130250000
559,141000000,130250000,8,12,141250000,130500000
560,141000000,130500000,8,12,141250000,130750000
561,141000000,130750000,8,12,141250000,131000000
562,141000000,131000000,8,12,141250000,131250000
563,141000000,131250000,8,12,141250000,131500000
564,141000000,131500000,8,12,141250000,131750000
565,141000000,131750000,8,12,141250000,132000000
566,141000000,132000000,8,12,141250000,132250000
567,141250000,125500000,8,12,141500000,125750000
568,141250000,125750000,8,12,141500000,126000000
569,141250000,126000000,8,12,141500000,126250000
570,141250000,126250000,8,12,141500000,126500000
571,141250000,126500000,8,12,141500000,126750000
572,141250000,126750000,8,12,141500000,127000000
573,141250000,127000000,8,12,141500000,127250000
574,141250000,127250000,8,12,141500000,127500000
575,141250000,127500000,8,12,141500000,127750000
576,141250000,127750000,8,12,141500000,128000000
577,141250000,128000000,8,12,141500000,128250000
578,141250000,128250000,8,12,141500000,128500000
579,141250000,128500000,8,12,141500000,128750000
580,141250000,128750000,8,12,141500000,129000000
581,141250000,129000000,8,12,141500000,129250000
582,141250000,129250000,8,12,141500000,129500000
583,141250000,129500000,8,12,141500000,129750000
584,141250000,129750000,8,12,141500000,130000000
585,141250000,130000000,8,12,141500000,130250000
586,141250000,130250000,8,12,141500000,130500000
587,141250000,130500000,8,12,141500000,130750000
588,141250000,130750000,8,12,141500000,131000000
589,141250000,131000000,8,12,141500000,131250000
590,141250000,131250000,8,12,141500000,131500000
591,141250000,131500000,8,12,141500000,131750000
592,141250000,131750000,8,12,141500000,132000000
593,141250000,132000000,8,12,141500000,132250000
594,141500000,125500000,8,12,141750000,125750000
595,141500000,125750000,8,12,141750000,126000000
596,141500000,126000000,8,12,141750000,126250000
597,141500000,126250000,8,12,141750000,126500000
598,141500000,126500000,8,12,141750000,126750000
599,141500000,126750000,8,12,141750000,127000000
600,141500000,127000000,8,12,141750000,127250000
601,141500000,127250000,8,12,141750000,127500000
602,141500000,127500000,8,12,141750000,127750000
603,141500000,127750000,8,12,141750000,128000000
604,141500000,128000000,8,12,141750000,128250000
605,141500000,128250000,8,12,141750000,128500000
606,141500000,128500000,8,12,141750000,128750000
607,141500000,128750000,8,12,141750000,129000000
608,141500000,129000000,8,12,141750000,129250000
609,141500000,129250000,8,12,141750000,129500000
610,141500000,129500000,8,12,141750000,129750000
611,141500000,129750000,8,12,141750000,130000000
612,141500000,130000000,8,12,141750000,130250000
613,141500000,130250000,8,12,141750000,130500000
614,141500000,130500000,8,12,141750000,130750000
615,141500000,130750000,8,12,141750000,131000000
616,141500000,131000000,8,12,141750000,131250000
617,141500000,131250000,8,12,141750000,131500000
618,141500000,131500000,8,12,141750000,131750000
619,141500000,131750000,8,12,141750000,132000000
620,141500000,132000000,8,12,141750000,132250000
621,141750000,125500000,8,12,142000000,125750000
622,141750000,125750000,8,12,142000000,126000000
623,141750000,126000000,8,12,142000000,126250000
624,141750000,126250000,8,12,142000000,126500000
625,141750000,126500000,8,12,142000000,126750000
626,141750000,126750000,8,12,142000000,127000000
627,141750000,127000000,8,12,142000000,127250000
628,141750000,127250000,8,12,142000000,127500000
629,141750000,127500000,8,12,142000000,127750000
630,141750000,127750000,8,12,142000000,128000000
631,141750000,128000000,8,12,142000000,128250000
632,141750000,128250000,8,12,142000000,128500000
633,141750000,128500000,8,12,142000000,128750000
634,141750000,128750000,8,12,142000000,129000000
635,141750000,129000000,8,12,142000000,129250000
636,141750000,129250000,8,12,142000000,129500000
637,141750000,129500000,8,12,142000000,129750000
638,141750000,129750000,8,12,142000000,130000000
639,141750000,130000000,8,12,142000000,130250000
640,141750000,130250000,8,12,142000000,130500000
641,141750000,130500000,8,12,142000000,130750000
642,141750000,130750000,8,12,142000000,131000000
643,141750000,131000000,8,12,142000000,131250000
644,141750000,131250000,8,12,142000000,131500000
645,141750000,131500000,8,12,142000000,131750000
646,141750000,131750000,8,12,142000000,132000000
647,141750000,132000000,8,12,142000000,132250000
648,142000000,125500000,8,12,142250000,125750000
649,142000000,125750000,8,12,142250000,126000000
650,142000000,126000000,8,12,142250000,126250000
651,142000000,126250000,8,12,142250000,126500000
652,142000000,126500000,8,12,142250000,126750000
653,142000000,126750000,8,12,142250000,127000000
654,142000000,127000000,8,12,142250000,127250000
655,142000000,127250000,8,12,142250000,127500000
656,142000000,127500000,8,12,142250000,127750000
657,142000000,127750000,8,12,142250000,128000000
658,142000000,128000000,8,12,142250000,128250000
659,142000000,128250000,8,12,142250000,128500000
660,142000000,128500000,8,12,142250000,128750000
661,142000000,128750000,8,12,142250000,129000000
662,142000000,129000000,8,12,142250000,129250000
663,142000000,129250000,8,12,142250000,129500000
664,142000000,129500000,8,12,142250000,129750000
665,142000000,129750000,8,12,142250000,130000000
666,142000000,130000000,8,12,142250000,130250000
667,142000000,130250000,8,12,142250000,130500000
668,142000000,130500000,8,12,142250000,130750000
669,142000000,130750000,8,12,142250000,131000000
670,142000000,131000000,8,12,142250000,131250000
671,142000000,131250000,8,12,142250000,131500000
672,142000000,131500000,8,12,142250000,131750000
673,142000000,131750000,8,12,142250000,132000000
674,142000000,132000000,8,12,142250000,132250000
675,142250000,125500000,8,12,142500000,125750000
676,142250000,125750000,8,12,142500000,126000000
677,142250000,126000000,8,12,142500000,126250000
678,142250000,126250000,8,12,142500000,126500000
679,142250000,126500000,8,12,142500000,126750000
680,142250000,126750000,8,12,142500000,127000000
681,142250000,127000000,8,12,142500000,127250000
682,142250000,127250000,8,12,142500000,127500000
683,142250000,127500000,8,12,142500000,127750000
684,142250000,127750000,8,12,142500000,128000000
685,142250000,128000000,8,12,142500000,128250000
686,142250000,128250000,8,12,142500000,128500000
687,142250000,128500000,8,12,142500000,128750000
688,142250000,128750000,8,12,142500000,129000000
689,142250000,129000000,8,12,142500000,129250000
690,142250000,129250000,8,12,142500000,129500000
691,142250000,129500000,8,12,142500000,129750000
692,142250000,129750000,8,12,142500000,130000000
693,142250000,130000000,8,12,142500000,130250000
694,142250000,130250000,8,12,142500000,130500000
695,142250000,130500000,8,12,142500000,130750000
696,142250000,130750000,8,12,142500000,131000000
697,142250000,131000000,8,12,142500000,131250000
698,142250000,131250000,8,12,142500000,131500000
699,142250000,131500000,8,12,142500000,131750000
700,142250000,131750000,8,12,142500000,132000000
701,142250000,132000000,8,12,142500000,132250000
702,142500000,125500000,8,12,142750000,125750000
703,142500000,125750000,8,12,142750000,126000000
704,142500000,126000000,8,12,142750000,126250000
705,142500000,126250000,8,12,142750000,126500000
706,142500000,126500000,8,12,142750000,126750000
707,142500000,126750000,8,12,142750000,127000000
708,142500000,127000000,8,12,142750000,127250000
709,142500000,127250000,8,12,142750000,127500000
710,142500000,127500000,8,12,142750000,127750000
711,142500000,127750000,8,12,142750000,128000000
712,142500000,128000000,8,12,142750000,128250000
713,142500000,128250000,8,12,142750000,128500000
714,142500000,128500000,8,12,142750000,128750000
715,142500000,128750000,8,12,142750000,129000000
716,142500000,129000000,8,12,142750000,129250000
717,142500000,129250000,8,12,142750000,129500000
718,142500000,129500000,8,12,142750000,129750000
719,142500000,129750000,8,12,142750000,130000000
720,142500000,130000000,8,12,142750000,130250000
721,142500000,130250000,8,12,142750000,130500000
722,142500000,130500000,8,12,142750000,130750000
723,142500000,130750000,8,12,142750000,131000000
724,142500000,131000000,8,12,142750000,131250000
725,142500000,131250000,8,12,142750000,131500000
726,142500000,131500000,8,12,142750000,131750000
727,142500000,131750000,8,12,142750000,132000000
728,142500000,132000000,8,12,142750000,132250000
729,142750000,125500000,8,12,143000000,125750000
730,142750000,125750000,8,12,143000000,126000000
731,142750000,126000000,8,12,143000000,126250000
732,142750000,126250000,8,12,143000000,126500000
733,142750000,126500000,8,12,143000000,126750000
734,142750000,126750000,8,12,143000000,127000000
735,142750000,127000000,8,12,143000000,127250000
736,142750000,127250000,8,12,143000000,127500000
737,142750000,127500000,8,12,143000000,127750000
738,142750000,127750000,8,12,143000000,128000000
739,142750000,128000000,8,12,143000000,128250000
740,142750000,128250000,8,12,143000000,128500000
741,142750000,128500000,8,12,143000000,128750000
742,142750000,128750000,8,12,143000000,129000000
743,142750000,129000000,8,12,143000000,129250000
744,142750000,129250000,8,12,143000000,129500000
745,142750000,129500000,8,12,143000000,129750000
746,142750000,129750000,8,12,143000000,130000000
747,142750000,130000000,8,12,143000000,130250000
748,142750000,130250000,8,12,143000000,130500000
749,142750000,130500000,8,12,143000000,130750000
750,142750000,130750000,8,12,143000000,131000000
751,142750000,131000000,8,12,143000000,131250000
752,142750000,131250000,8,12,143000000,131500000
753,142750000,131500000,8,12,143000000,131750000
754,142750000,131750000,8,12,143000000,132000000
755,142750000,132000000,8,12,143000000,132250000
756,143000000,125500000,8,12,143250000,125750000
757,143000000,125750000,8,12,143250000,126000000
758,143000000,126000000,8,12,143250000,126250000
759,143000000,126250000,8,12,143250000,126500000
760,143000000,126500000,8,12,143250000,126750000
761,143000000,126750000,8,12,143250000,127000000
762,143000000,127000000,8,12,143250000,127250000
763,143000000,127250000,8,12,143250000,127500000
764,143000000,127500000,8,12,143250000,127750000
765,143000000,127750000,8,12,143250000,128000000
766,143000000,128000000,8,12,143250000,128250000
767,143000000,128250000,8,12,143250000,128500000
768,143000000,128500000,8,12,143250000,128750000
769,143000000,128750000,8,12,143250000,129000000
770,143000000,129000000,8,12,143250000,129250000
771,143000000,129250000,8,12,143250000,129500000
772,143000000,129500000,8,12,143250000,129750000
773,143000000,129750000,8,12,143250000,130000000
774,143000000,130000000,8,12,143250000,130250000
775,143000000,130250000,8,12,143250000,130500000
776,143000000,130500000,8,12,143250000,130750000
777,143000000,130750000,8,12,143250000,131000000
778,143000000,131000000,8,12,143250000,131250000
779,143000000,131250000,8,12,143250000,131500000
780,143000000,131500000,8,12,143250000,131750000
781,143000000,131750000,8,12,143250000,132000000
782,143000000,132000000,8,12,143250000,132250000
783,143250000,125500000,8,12,143500000,125750000
784,143250000,125750000,8,12,143500000,126000000
785,143250000,126000000,8,12,143500000,126250000
786,143250000,126250000,8,12,143500000,126500000
787,143250000,126500000,8,12,143500000,126750000
788,143250000,126750000,8,12,143500000,127000000
789,143250000,127000000,8,12,143500000,127250000
790,143250000,127250000,8,12,143500000,127500000
791,143250000,127500000,8,12,143500000,127750000
792,143250000,127750000,8,12,143500000,128000000
793,143250000,128000000,8,12,143500000,128250000
794,143250000,128250000,8,12,143500000,128500000
795,143250000,128500000,8,12,143500000,128750000
796,143250000,128750000,8,12,143500000,129000000
797,143250000,129000000,8,12,143500000,129250000
798,143250000,129250000,8,12,143500000,129500000
799,143250000,129500000,8,12,143500000,129750000
800,143250000,129750000,8,12,143500000,130000000
801,143250000,130000000,8,12,143500000,130250000
802,143250000,130250000,8,12,143500000,130500000
803,143250000,130500000,8,12,143500000,130750000
804,143250000,130750000,8,12,143500000,131000000
805,143250000,131000000,8,12,143500000,131250000
806,143250000,131250000,8,12,143500000,131500000
807,143250000,131500000,8,12,143500000,131750000
808,143250000,131750000,8,12,143500000,132000000
809,143250000,132000000,8,12,143500000,132250000
810,143500000,125500000,8,12,143750000,125750000
811,143500000,125750000,8,12,143750000,126000000
812,143500000,126000000,8,12,143750000,126250000
813,143500000,126250000,8,12,143750000,126500000
814,143500000,126500000,8,12,143750000,126750000
815,143500000,126750000,8,12,143750000,127000000
816,143500000,127000000,8,12,143750000,127250000
817,143500000,127250000,8,12,143750000,127500000
818,143500000,127500000,8,12,143750000,127750000
819,143500000,127750000,8,12,143750000,128000000
820,143500000,128000000,8,12,143750000,128250000
821,143500000,128250000,8,12,143750000,128500000
822,143500000,128500000,8,12,143750000,128750000
823,143500000,128750000,8,12,143750000,129000000
824,143500000,129000000,8,12,143750000,129250000
825,143500000,129250000,8,12,143750000,129500000
826,143500000,129500000,8,12,143750000,129750000
827,143500000,129750000,8,12,143750000,130000000
828,143500000,130000000,8,12,143750000,130250000
829,143500000,130250000,8,12,143750000,130500000
830,143500000,130500000,8,12,143750000,130750000
831,143500000,130750000,8,12,143750000,131000000
832,143500000,131000000,8,12,143750000,131250000
833,143500000,131250000,8,12,143750000,131500000
834,143500000,131500000,8,12,143750000,131750000
835,143500000,131750000,8,12,143750000,132000000
836,143500000,132000000,8,12,143750000,132250000
837,143750000,125500000,8,12,144000000,125750000
838,143750000,125750000,8,12,144000000,126000000
839,143750000,126000000,8,12,144000000,126250000
840,143750000,126250000,8,12,144000000,126500000
841,143750000,126500000,8,12,144000000,126750000
842,143750000,126750000,8,12,144000000,127000000
843,143750000,127000000,8,12,144000000,127250000
844,143750000,127250000,8,12,144000000,127500000
845,143750000,127500000,8,12,144000000,127750000
846,143750000,127750000,8,12,144000000,128000000
847,143750000,128000000,8,12,144000000,128250000
848,143750000,128250000,8,12,144000000,128500000
849,143750000,128500000,8,12,144000000,128750000
850,143750000,128750000,8,12,144000000,129000000
851,143750000,129000000,8,12,144000000,129250000
852,143750000,129250000,8,12,144000000,129500000
853,143750000,129500000,8,12,144000000,129750000
854,143750000,129750000,8,12,144000000,130000000
855,143750000,130000000,8,12,144000000,130250000
856,143750000,130250000,8,12,144000000,130500000
857,143750000,130500000,8,12,144000000,130750000
858,143750000,130750000,8,12,144000000,131000000
859,143750000,131000000,8,12,144000000,131250000
860,143750000,131250000,8,12,144000000,131500000
861,143750000,131500000,8,12,144000000,131750000
862,143750000,131750000,8,12,144000000,132000000
863,143750000,132000000,8,12,144000000,132250000
864,144000000,125500000,8,12,144250000,125750000
865,144000000,125750000,8,12,144250000,126000000
866,144000000,126000000,8,12,144250000,126250000
867,144000000,126250000,8,12,144250000,126500000
868,144000000,126500000,8,12,144250000,126750000
869,144000000,126750000,8,12,144250000,127000000
870,144000000,127000000,8,12,144250000,127250000
871,144000000,127250000,8,12,144250000,127500000
872,144000000,127500000,8,12,144250000,127750000
873,144000000,127750000,8,12,144250000,128000000
874,144000000,128000000,8,12,144250000,128250000
875,144000000,128250000,8,12,144250000,128500000
876,144000000,128500000,8,12,144250000,128750000
877,144000000,128750000,8,12,144250000,129000000
878,144000000,129000000,8,12,144250000,129250000
879,144000000,129250000,8,12,144250000,129500000
880,144000000,129500000,8,12,144250000,129750000
881,144000000,129750000,8,12,144250000,130000000
882,144000000,130000000,8,12,144250000,130250000
883,144000000,130250000,8,12,144250000,130500000
884,144000000,130500000,8,12,144250000,130750000
885,144000000,130750000,8,12,144250000,131000000
886,144000000,131000000,8,12,144250000,131250000
887,144000000,131250000,8,12,144250000,131500000
888,144000000,131500000,8,12,144250000,131750000
889,144000000,131750000,8,12,144250000,132000000
890,144000000,132000000,8,12,144250000,132250000
891,144250000,132500000,8,12,144500000,132750000
892,144250000,132750000,8,12,144500000,133000000
893,144250000,133000000,8,12,144500000,133250000
894,144250000,133250000,8,12,144500000,133500000
895,144500000,132500000,8,12,144750000,132750000
896,144500000,132750000,8,12,144750000,133000000
897,144500000,133000000,8,12,144750000,133250000
898,144500000,133250000,8,12,144750000,133500000
899,144750000,132500000,8,12,145000000,132750000
900,144750000,132750000,8,12,145000000,133000000
901,144750000,133000000,8,12,145000000,133250000
902,144750000,133250000,8,12,145000000,133500000
903,145000000,132500000,8,12,145250000,132750000
904,145000000,132750000,8,12,145250000,133000000
905,145000000,133000000,8,12,145250000,133250000
906,145000000,133250000,8,12,145250000,133500000
907,145250000,132500000,8,12,145500000,132750000
908,145250000,132750000,8,12,145500000,133000000
909,145250000,133000000,8,12,145500000,133250000
910,145250000,133250000,8,12,145500000,133500000
911,145500000,132500000,8,12,145750000,132750000
912,145500000,132750000,8,12,145750000,133000000
913,145500000,133000000,8,12,145750000,133250000
914,145500000,133250000,8,12,145750000,133500000
915,145750000,132500000,8,12,146000000,132750000
916,145750000,132750000,8,12,146000000,133000000
917,145750000,133000000,8,12,146000000,133250000
918,145750000,133250000,8,12,146000000,133500000
919,146000000,132500000,8,12,146250000,132750000
920,146000000,132750000,8,12,146250000,133000000
921,146000000,133000000,8,12,146250000,133250000
922,146000000,133250000,8,12,146250000,133500000
923,146250000,132500000,8,12,146500000,132750000
924,146250000,132750000,8,12,146500000,133000000
925,146250000,133000000,8,12,146500000,133250000
926,146250000,133250000,8,12,146500000,133500000
927,144250000,120500000,8,12,144500000,120750000
928,144250000,120750000,8,12,144500000,121000000
929,144250000,121000000,8,12,144500000,121250000
930,144250000,121250000,8,12,144500000,121500000
931,144250000,121500000,8,12,144500000,121750000
932,144250000,121750000,8,12,144500000,122000000
933,144250000,122000000,8,12,144500000,122250000
934,144250000,122250000,8,12,144500000,122500000
935,144250000,122500000,8,12,144500000,122750000
936,144250000,122750000,8,12,144500000,123000000
937,144250000,123000000,8,12,144500000,123250000
938,144250000,123250000,8,12,144500000,123500000
939,144250000,123500000,8,12,144500000,123750000
940,144250000,123750000,8,12,144500000,124000000
941,144250000,124000000,8,12,144500000,124250000
942,144250000,124250000,8,12,144500000,124500000
943,144250000,124500000,8,12,144500000,124750000
944,144250000,124750000,8,12,144500000,125000000
945,144250000,125000000,8,12,144500000,125250000
946,144500000,120500000,8,12,144750000,120750000
947,144500000,120750000,8,12,144750000,121000000
948,144500000,121000000,8,12,144750000,121250000
949,144500000,121250000,8,12,144750000,121500000
950,144500000,121500000,8,12,144750000,121750000
951,144500000,121750000,8,12,144750000,122000000
952,144500000,122000000,8,12,144750000,122250000
953,144500000,122250000,8,12,144750000,122500000
954,144500000,122500000,8,12,144750000,122750000
955,144500000,122750000,8,12,144750000,123000000
956,144500000,123000000,8,12,144750000,123250000
957,144500000,123250000,8,12,144750000,123500000
958,144500000,123500000,8,12,144750000,123750000
959,144500000,123750000,8,12,144750000,124000000
960,144500000,124000000,8,12,144750000,124250000
961,144500000,124250000,8,12,144750000,124500000
962,144500000,124500000,8,12,144750000,124750000
963,144500000,124750000,8,12,144750000,125000000
964,144500000,125000000,8,12,144750000,125250000
965,144750000,120500000,8,12,145000000,120750000
966,144750000,120750000,8,12,145000000,121000000
967,144750000,121000000,8,12,145000000,121250000
968,144750000,121250000,8,12,145000000,121500000
969,144750000,121500000,8,12,145000000,121750000
970,144750000,121750000,8,12,145000000,122000000
971,144750000,122000000,8,12,145000000,122250000
972,144750000,122250000,8,12,145000000,122500000
973,144750000,122500000,8,12,145000000,122750000
974,144750000,122750000,8,12,145000000,123000000
975,144750000,123000000,8,12,145000000,123250000
976,144750000,123250000,8,12,145000000,123500000
977,144750000,123500000,8,12,145000000,123750000
978,144750000,123750000,8,12,145000000,124000000
979,144750000,124000000,8,12,145000000,124250000
980,144750000,124250000,8,12,145000000,124500000
981,144750000,124500000,8,12,145000000,124750000
982,144750000,124750000,8,12,145000000,125000000
983,144750000,125000000,8,12,145000000,125250000
984,145000000,120500000,8,12,145250000,120750000
985,145000000,120750000,8,12,145250000,121000000
986,145000000,121000000,8,12,145250000,121250000
987,145000000,121250000,8,12,145250000,121500000
988,145000000,121500000,8,12,145250000,121750000
989,145000000,121750000,8,12,145250000,122000000
990,145000000,122000000,8,12,145250000,122250000
991,145000000,122250000,8,12,145250000,122500000
992,145000000,122500000,8,12,145250000,122750000
993,145000000,122750000,8,12,145250000,123000000
994,145000000,123000000,8,12,145250000,123250000
995,145000000,123250000,8,12,145250000,123500000
996,145000000,123500000,8,12,145250000,123750000
997,145000000,123750000,8,12,145250000,124000000
998,145000000,124000000,8,12,145250000,124250000
999,145000000,124250000,8,12,145250000,124500000
1000,145000000,124500000,8,12,145250000,124750000
1001,145000000,124750000,8,12,145250000,125000000
1002,145000000,125000000,8,12,145250000,125250000
1003,145250000,120500000,8,12,145500000,120750000
1004,145250000,120750000,8,12,145500000,121000000
1005,145250000,121000000,8,12,145500000,121250000
1006,145250000,121250000,8,12,145500000,121500000
1007,145250000,121500000,8,12,145500000,121750000
1008,145250000,121750000,8,12,145500000,122000000
1009,145250000,122000000,8,12,145500000,122250000
1010,145250000,122250000,8,12,145500000,122500000
1011,145250000,122500000,8,12,145500000,122750000
1012,145250000,122750000,8,12,145500000,123000000
1013,145250000,123000000,8,12,145500000,123250000
1014,145250000,123250000,8,12,145500000,123500000
1015,145250000,123500000,8,12,145500000,123750000
1016,145250000,123750000,8,12,145500000,124000000
1017,145250000,124000000,8,12,145500000,124250000
1018,145250000,124250000,8,12,145500000,124500000
1019,145250000,124500000,8,12,145500000,124750000
1020,145250000,124750000,8,12,145500000,125000000
1021,145250000,125000000,8,12,145500000,125250000
1022,145500000,120500000,8,12,145750000,120750000
1023,145500000,120750000,8,12,145750000,121000000
1024,145500000,121000000,8,12,145750000,121250000
1025,145500000,121250000,8,12,145750000,121500000
1026,145500000,121500000,8,12,145750000,121750000
1027,145500000,121750000,8,12,145750000,122000000
1028,145500000,122000000,8,12,145750000,122250000
1029,145500000,122250000,8,12,145750000,122500000
1030,145500000,122500000,8,12,145750000,122750000
1031,145500000,122750000,8,12,145750000,123000000
1032,145500000,123000000,8,12,145750000,123250000
1033,145500000,123250000,8,12,145750000,123500000
1034,145500000,123500000,8,12,145750000,123750000
1035,145500000,123750000,8,12,145750000,124000000
1036,145500000,124000000,8,12,145750000,124250000
1037,145500000,124250000,8,12,145750000,124500000
1038,145500000,124500000,8,12,145750000,124750000
1039,145500000,124750000,8,12,145750000,125000000
1040,145500000,125000000,8,12,145750000,125250000
1041,145750000,120500000,8,12,146000000,120750000
1042,145750000,120750000,8,12,146000000,121000000
1043,145750000,121000000,8,12,146000000,121250000
1044,145750000,121250000,8,12,146000000,121500000
1045,145750000,121500000,8,12,146000000,121750000
1046,145750000,121750000,8,12,146000000,122000000
1047,145750000,122000000,8,12,146000000,122250000
1048,145750000,122250000,8,12,146000000,122500000
1049,145750000,122500000,8,12,146000000,122750000
1050,145750000,122750000,8,12,146000000,123000000
1051,145750000,123000000,8,12,146000000,123250000
1052,145750000,123250000,8,12,146000000,123500000
1053,145750000,123500000,8,12,146000000,123750000
1054,145750000,123750000,8,12,146000000,124000000
1055,145750000,124000000,8,12,146000000,124250000
1056,145750000,124250000,8,12,146000000,124500000
1057,145750000,124500000,8,12,146000000,124750000
1058,145750000,124750000,8,12,146000000,125000000
1059,145750000,125000000,8,12,146000000,125250000
1060,146000000,120500000,8,12,146250000,120750000
1061,146000000,120750000,8,12,146250000,121000000
1062,146000000,121000000,8,12,146250000,121250000
1063,146000000,121250000,8,12,146250000,121500000
1064,146000000,121500000,8,12,146250000,121750000
1065,146000000,121750000,8,12,146250000,122000000
1066,146000000,122000000,8,12,146250000,122250000
1067,146000000,122250000,8,12,146250000,122500000
1068,146000000,122500000,8,12,146250000,122750000
1069,146000000,122750000,8,12,146250000,123000000
1070,146000000,123000000,8,12,146250000,123250000
1071,146000000,123250000,8,12,146250000,123500000
1072,146000000,123500000,8,12,146250000,123750000
1073,146000000,123750000,8,12,146250000,124000000
1074,146000000,124000000,8,12,146250000,124250000
1075,146000000,124250000,8,12,146250000,124500000
1076,146000000,124500000,8,12,146250000,124750000
1077,146000000,124750000,8,12,146250000,125000000
1078,146000000,125000000,8,12,146250000,125250000
1079,142500000,130250000,8,12,142750000,130500000
1080,142500000,130500000,8,12,142750000,130750000
1081,142500000,130750000,8,12,142750000,131000000
1082,142500000,131000000,8,12,142750000,131250000
1083,142500000,131250000,8,12,142750000,131500000
1084,142500000,131500000,8,12,142750000,131750000
1085,142500000,131750000,8,12,142750000,132000000
1086,142500000,132000000,8,12,142750000,132250000
1087,142500000,132250000,8,12,142750000,132500000
1088,142500000,132500000,8,12,142750000,132750000
1089,142500000,132750000,8,12,142750000,133000000
1090,142500000,133000000,8,12,142750000,133250000
1091,142750000,130250000,8,12,143000000,130500000
1092,142750000,130500000,8,12,143000000,130750000
1093,142750000,130750000,8,12,143000000,131000000
1094,142750000,131000000,8,12,143000000,131250000
1095,142750000,131250000,8,12,143000000,131500000
1096,142750000,131500000,8,12,143000000,131750000
1097,142750000,131750000,8,12,143000000,132000000
1098,142750000,132000000,8,12,143000000,132250000
1099,142750000,132250000,8,12,143000000,132500000
1100,142750000,132500000,8,12,143000000,132750000
1101,142750000,132750000,8,12,143000000,133000000
1102,142750000,133000000,8,12,143000000,133250000
1103,143000000,130250000,8,12,143250000,130500000
1104,143000000,130500000,8,12,143250000,130750000
1105,143000000,130750000,8,12,143250000,131000000
1106,143000000,131000000,8,12,143250000,131250000
1107,143000000,131250000,8,12,143250000,131500000
1108,143000000,131500000,8,12,143250000,131750000
1109,143000000,131750000,8,12,143250000,132000000
1110,143000000,132000000,8,12,143250000,132250000
1111,143000000,132250000,8,12,143250000,132500000
1112,143000000,132500000,8,12,143250000,132750000
1113,143000000,132750000,8,12,143250000,133000000
1114,143000000,133000000,8,12,143250000,133250000
1115,143250000,130250000,8,12,143500000,130500000
1116,143250000,130500000,8,12,143500000,130750000
1117,143250000,130750000,8,12,143500000,131000000
1118,143250000,131000000,8,12,143500000,131250000
1119,143250000,131250000,8,12,143500000,131500000
1120,143250000,131500000,8,12,143500000,131750000
1121,143250000,131750000,8,12,143500000,132000000
1122,143250000,132000000,8,12,143500000,132250000
1123,143250000,132250000,8,12,143500000,132500000
1124,143250000,132500000,8,12,143500000,132750000
1125,143250000,132750000,8,12,143500000,133000000
1126,143250000,133000000,8,12,143500000,133250000
1127,143500000,130250000,8,12,143750000,130500000
1128,143500000,130500000,8,12,143750000,130750000
1129,143500000,130750000,8,12,143750000,131000000
1130,143500000,131000000,8,12,143750000,131250000
1131,143500000,131250000,8,12,143750000,131500000
1132,143500000,131500000,8,12,143750000,131750000
1133,143500000,131750000,8,12,143750000,132000000
1134,143500000,132000000,8,12,143750000,132250000
1135,143500000,132250000,8,12,143750000,132500000
1136,143500000,132500000,8,12,143750000,132750000
1137,143500000,132750000,8,12,143750000,133000000
1138,143500000,133000000,8,12,143750000,133250000
1139,145750000,0,8,12,146000000,250000
1140,145750000,250000,8,12,146000000,500000
1141,146000000,0,8,12,146250000,250000
1142,146000000,250000,8,12,146250000,500000
1143,146250000,0,8,12,146500000,250000
1144,146250000,250000,8,12,146500000,500000
1145,145750000,133750000,8,12,146000000,134000000
1146,146000000,133750000,8,12,146250000,134000000
1147,146250000,133750000,8,12,146500000,134000000
1148,12000000,8000000,8,12,12250000,8250000
1149,12000000,8250000,8,12,12250000,8500000
